Date,U.S. Exports of Crude Oil (Thousand Barrels),U.S. Imports of Crude Oil (Thousand Barrels),U.S. Field Production of Crude Oil (Thousand Barrels),U.S. Field Production of Crude Oil (Thousand Barrels per Day),U.S. Imports from Saudi Arabia of Crude Oil (Thousand Barrels),U.S. Crude Oil Rotary Rigs in Operation (Count),**U.S. Ending Stocks of Crude Oil (Thousand Barrels),"Cushing, OK WTI Spot Price FOB (Dollars per Barrel)",U.S. Crude Oil Stocks at Refineries (Thousand Barrels),U.S. Gross Inputs to Refineries (Thousand Barrels Per Day),U.S. Product Supplied of Crude Oil (Thousand Barrels)
,,,,,,,,,,,
Jan-1920,469,6294,34008,1097,,,,,,,
,,,,,,,,,,,
Feb-1920,853,4940,33193,1145,,,,,,,
,,,,,,,,,,,
Mar-1920,892,6503,36171,1167,,,,,,,
,,,,,,,,,,,
Apr-1920,693,6186,34945,1165,,,,,,,
,,,,,,,,,,,
May-1920,761,6966,36622,1181,,,,,,,
,,,,,,,,,,,
Jun-1920,627,8120,36663,1222,,,,,,,
,,,,,,,,,,,
Jul-1920,723,6768,37746,1218,,,,,,,
,,,,,,,,,,,
Aug-1920,553,10791,38906,1255,,,,,,,
,,,,,,,,,,,
Sep-1920,790,11650,37521,1251,,,,,,,
,,,,,,,,,,,
Oct-1920,777,11361,39584,1277,,,,,,,
,,,,,,,,,,,
Nov-1920,796,13750,38609,1287,,,,,,,
,,,,,,,,,,,
Dec-1920,823,12846,38961,1257,,,,,,,
,,,,,,,,,,,
Jan-1921,743,13258,38138,1230,,,,,,,
,,,,,,,,,,,
Feb-1921,794,11384,35524,1269,,,,,,,
,,,,,,,,,,,
Mar-1921,750,12303,41105,1326,,,,,,,
,,,,,,,,,,,
Apr-1921,748,10104,40233,1341,,,,,,,
,,,,,,,,,,,
May-1921,874,9148,42189,1361,,,,,,,
,,,,,,,,,,,
Jun-1921,586,10255,40548,1352,,,,,,,
,,,,,,,,,,,
Jul-1921,538,8047,40461,1305,,,,,,,
,,,,,,,,,,,
Aug-1921,885,3352,41109,1326,,,,,,,
,,,,,,,,,,,
Sep-1921,881,9139,36763,1225,,,,,,,
,,,,,,,,,,,
Oct-1921,747,11635,35832,1156,,,,,,,
,,,,,,,,,,,
Nov-1921,869,12986,38108,1270,,,,,,,
,,,,,,,,,,,
Dec-1921,525,13753,42173,1360,,,,,,,
,,,,,,,,,,,
Jan-1922,727,13107,43696,1410,,,,,,,
,,,,,,,,,,,
Feb-1922,583,12077,41314,1476,,,,,,,
,,,,,,,,,,,
Mar-1922,806,14004,47188,1522,,,,,,,
,,,,,,,,,,,
Apr-1922,924,11659,45167,1506,,,,,,,
,,,,,,,,,,,
May-1922,771,14018,47002,1516,,,,,,,
,,,,,,,,,,,
Jun-1922,826,12182,46087,1536,,,,,,,
,,,,,,,,,,,
Jul-1922,893,10493,47134,1520,,,,,,,
,,,,,,,,,,,
Aug-1922,764,10279,47059,1518,,,,,,,
,,,,,,,,,,,
Sep-1922,1127,4812,45805,1527,,,,,,,
,,,,,,,,,,,
Oct-1922,741,10082,48410,1562,,,,,,,
,,,,,,,,,,,
Nov-1922,879,7429,48027,1601,,,,,,,
,,,,,,,,,,,
Dec-1922,1122,7166,50642,1634,,,,,,,
,,,,,,,,,,,
Jan-1923,762,7307,52527,1694,,,,,,,
,,,,,,,,,,,
Feb-1923,666,6199,48588,1735,,,,,,,
,,,,,,,,,,,
Mar-1923,1028,8058,56969,1838,,,,,,,
,,,,,,,,,,,
Apr-1923,1511,6617,59008,1967,,,,,,,
,,,,,,,,,,,
May-1923,1324,5995,62377,2012,,,,,,,
,,,,,,,,,,,
Jun-1923,2598,5996,62845,2095,,,,,,,
,,,,,,,,,,,
Jul-1923,1547,6915,65925,2127,,,,,,,
,,,,,,,,,,,
Aug-1923,1542,7580,66422,2143,,,,,,,
,,,,,,,,,,,
Sep-1923,1592,6021,65306,2177,,,,,,,
,,,,,,,,,,,
Oct-1923,1315,6825,67506,2178,,,,,,,
,,,,,,,,,,,
Nov-1923,1397,6085,65388,2180,,,,,,,
,,,,,,,,,,,
Dec-1923,2103,8417,59546,1921,,,,,,,
,,,,,,,,,,,
Jan-1924,1528,6303,57273,1848,,,,,,,
,,,,,,,,,,,
Feb-1924,1680,6511,55889,1927,,,,,,,
,,,,,,,,,,,
Mar-1924,1550,8631,60141,1940,,,,,,,
,,,,,,,,,,,
Apr-1924,1547,7297,59830,1994,,,,,,,
,,,,,,,,,,,
May-1924,1858,7393,61834,1995,,,,,,,
,,,,,,,,,,,
Jun-1924,1542,6660,59583,1986,,,,,,,
,,,,,,,,,,,
Jul-1924,1409,6502,61932,1998,,,,,,,
,,,,,,,,,,,
Aug-1924,1242,5762,62398,2013,,,,,,,
,,,,,,,,,,,
Sep-1924,1893,5354,60376,2013,,,,,,,
,,,,,,,,,,,
Oct-1924,1488,4872,60469,1951,,,,,,,
,,,,,,,,,,,
Nov-1924,1453,6649,56782,1893,,,,,,,
,,,,,,,,,,,
Dec-1924,1049,5841,57433,1853,,,,,,,
,,,,,,,,,,,
Jan-1925,1149,7025,53802,1736,,,,,,,
,,,,,,,,,,,
Feb-1925,1122,5579,48571,1735,,,,,,,
,,,,,,,,,,,
Mar-1925,1058,6375,53597,1729,,,,,,,
,,,,,,,,,,,
Apr-1925,798,5482,51914,1730,,,,,,,
,,,,,,,,,,,
May-1925,1356,6484,53367,1722,,,,,,,
,,,,,,,,,,,
Jun-1925,1255,5153,51915,1731,,,,,,,
,,,,,,,,,,,
Jul-1925,1302,4155,52138,1682,,,,,,,
,,,,,,,,,,,
Aug-1925,1465,4045,52198,1684,,,,,,,
,,,,,,,,,,,
Sep-1925,923,4027,51559,1719,,,,,,,
,,,,,,,,,,,
Oct-1925,1292,4367,51769,1670,,,,,,,
,,,,,,,,,,,
Nov-1925,740,4891,49921,1664,,,,,,,
,,,,,,,,,,,
Dec-1925,877,4241,49622,1601,,,,,,,
,,,,,,,,,,,
Jan-1926,1183,4688,59981,1935,,,,,,,
,,,,,,,,,,,
Feb-1926,1049,3743,54892,1960,,,,,,,
,,,,,,,,,,,
Mar-1926,965,7216,60880,1964,,,,,,,
,,,,,,,,,,,
Apr-1926,1308,5906,60371,2012,,,,,,,
,,,,,,,,,,,
May-1926,1842,4501,62822,2027,,,,,,,
,,,,,,,,,,,
Jun-1926,1226,5571,61789,2060,,,,,,,
,,,,,,,,,,,
Jul-1926,1726,5185,65168,2102,,,,,,,
,,,,,,,,,,,
Aug-1926,1083,5332,67009,2162,,,,,,,
,,,,,,,,,,,
Sep-1926,1388,4350,65782,2193,,,,,,,
,,,,,,,,,,,
Oct-1926,1010,3860,69664,2247,,,,,,,
,,,,,,,,,,,
Nov-1926,1344,5043,69891,2330,,,,,,,
,,,,,,,,,,,
Dec-1926,1283,4987,72625,2343,,,,,,,
,,,,,,,,,,,
Jan-1927,1204,4593,71758,2315,,,,,,,
,,,,,,,,,,,
Feb-1927,1165,4181,68122,2433,,,,,,,
,,,,,,,,,,,
Mar-1927,1199,4582,75514,2436,,,,,,,
,,,,,,,,,,,
Apr-1927,1171,4063,73132,2438,,,,,,,
,,,,,,,,,,,
May-1927,1390,4557,76845,2479,,,,,,,
,,,,,,,,,,,
Jun-1927,1411,4019,75303,2510,,,,,,,
,,,,,,,,,,,
Jul-1927,1089,4823,78780,2541,,,,,,,
,,,,,,,,,,,
Aug-1927,1382,6261,78788,2542,,,,,,,
,,,,,,,,,,,
Sep-1927,1297,5122,75909,2530,,,,,,,
,,,,,,,,,,,
Oct-1927,1539,4699,77534,2501,,,,,,,
,,,,,,,,,,,
Nov-1927,1280,5339,74493,2483,,,,,,,
,,,,,,,,,,,
Dec-1927,1717,6210,74951,2418,,,,,,,
,,,,,,,,,,,
Jan-1928,1225,6330,72793,2348,,,,,,,
,,,,,,,,,,,
Feb-1928,1243,6036,68565,2364,,,,,,,
,,,,,,,,,,,
Mar-1928,1530,6845,74528,2404,,,,,,,
,,,,,,,,,,,
Apr-1928,1303,5661,72393,2413,,,,,,,
,,,,,,,,,,,
May-1928,1493,6766,75277,2428,,,,,,,
,,,,,,,,,,,
Jun-1928,1879,6553,72676,2423,,,,,,,
,,,,,,,,,,,
Jul-1928,1669,7878,75584,2438,,,,,,,
,,,,,,,,,,,
Aug-1928,1883,6141,77807,2510,,,,,,,
,,,,,,,,,,,
Sep-1928,1506,7139,76484,2549,,,,,,,
,,,,,,,,,,,
Oct-1928,2015,6703,79751,2573,,,,,,,
,,,,,,,,,,,
Nov-1928,1691,6908,76123,2537,,,,,,,
,,,,,,,,,,,
Dec-1928,1529,6807,79493,2564,,,,,,,
,,,,,,,,,,,
Jan-1929,1972,8075,82054,2647,,,,,,,
,,,,,,,,,,,
Feb-1929,1678,7016,75456,2695,,,,,,,
,,,,,,,,,,,
Mar-1929,1600,6790,82463,2660,,,,,,,
,,,,,,,,,,,
Apr-1929,1726,7828,80412,2680,,,,,,,
,,,,,,,,,,,
May-1929,1932,7552,84499,2726,,,,,,,
,,,,,,,,,,,
Jun-1929,2615,6591,83407,2780,,,,,,,
,,,,,,,,,,,
Jul-1929,3117,6122,91309,2945,,,,,,,
,,,,,,,,,,,
Aug-1929,2236,5800,92165,2973,,,,,,,
,,,,,,,,,,,
Sep-1929,1988,6953,87453,2915,,,,,,,
,,,,,,,,,,,
Oct-1929,2869,5766,88430,2853,,,,,,,
,,,,,,,,,,,
Nov-1929,2579,4554,78758,2625,,,,,,,
,,,,,,,,,,,
Dec-1929,2089,5886,80917,2610,,,,,,,
,,,,,,,,,,,
Jan-1930,1808,5450,79633,2569,,,,,,,
,,,,,,,,,,,
Feb-1930,1731,4321,74290,2653,,,,,,,
,,,,,,,,,,,
Mar-1930,1944,4827,78226,2523,,,,,,,
,,,,,,,,,,,
Apr-1930,1900,5781,77483,2583,,,,,,,
,,,,,,,,,,,
May-1930,2202,4984,80528,2598,,,,,,,
,,,,,,,,,,,
Jun-1930,2508,5767,77060,2569,,,,,,,
,,,,,,,,,,,
Jul-1930,1973,5877,76922,2481,,,,,,,
,,,,,,,,,,,
Aug-1930,2407,5059,74831,2414,,,,,,,
,,,,,,,,,,,
Sep-1930,1961,5808,71216,2374,,,,,,,
,,,,,,,,,,,
Oct-1930,2167,5061,72893,2351,,,,,,,
,,,,,,,,,,,
Nov-1930,1765,4467,67957,2265,,,,,,,
,,,,,,,,,,,
Dec-1930,1339,4727,66972,2160,,,,,,,
,,,,,,,,,,,
Jan-1931,1919,4353,65737,2121,,,,,,,
,,,,,,,,,,,
Feb-1931,1710,4789,60540,2162,,,,,,,
,,,,,,,,,,,
Mar-1931,1586,3715,69429,2240,,,,,,,
,,,,,,,,,,,
Apr-1931,1826,4162,72860,2429,,,,,,,
,,,,,,,,,,,
May-1931,2268,4512,76822,2478,,,,,,,
,,,,,,,,,,,
Jun-1931,2544,3978,75011,2500,,,,,,,
,,,,,,,,,,,
Jul-1931,2621,3588,78210,2523,,,,,,,
,,,,,,,,,,,
Aug-1931,2856,2702,68014,2194,,,,,,,
,,,,,,,,,,,
Sep-1931,2296,3426,64378,2146,,,,,,,
,,,,,,,,,,,
Oct-1931,2389,4106,73297,2364,,,,,,,
,,,,,,,,,,,
Nov-1931,2449,3604,73456,2449,,,,,,,
,,,,,,,,,,,
Dec-1931,1071,4315,73327,2365,,,,,,,
,,,,,,,,,,,
Jan-1932,1592,2047,67014,2162,,,,,,,
,,,,,,,,,,,
Feb-1932,1897,4707,62512,2156,,,,,,,
,,,,,,,,,,,
Mar-1932,2090,4840,67456,2176,,,,,,,
,,,,,,,,,,,
Apr-1932,2867,7690,67915,2264,,,,,,,
,,,,,,,,,,,
May-1932,2942,5089,68854,2221,,,,,,,
,,,,,,,,,,,
Jun-1932,2791,7865,65144,2171,,,,,,,
,,,,,,,,,,,
Jul-1932,2249,1525,66655,2150,,,,,,,
,,,,,,,,,,,
Aug-1932,2839,1862,66568,2147,,,,,,,
,,,,,,,,,,,
Sep-1932,2113,1893,65518,2184,,,,,,,
,,,,,,,,,,,
Oct-1932,2541,2455,65598,2116,,,,,,,
,,,,,,,,,,,
Nov-1932,1318,1963,63630,2121,,,,,,,
,,,,,,,,,,,
Dec-1932,2154,2746,58295,1880,,,,,,,
,,,,,,,,,,,
Jan-1933,1913,2831,65159,2102,,,,,,,
,,,,,,,,,,,
Feb-1933,1886,2369,61252,2188,,,,,,,
,,,,,,,,,,,
Mar-1933,2137,3802,75185,2425,,,,,,,
,,,,,,,,,,,
Apr-1933,2939,2910,65709,2190,,,,,,,
,,,,,,,,,,,
May-1933,2679,2207,86638,2795,,,,,,,
,,,,,,,,,,,
Jun-1933,4355,2143,84386,2813,,,,,,,
,,,,,,,,,,,
Jul-1933,4523,3410,85321,2752,,,,,,,
,,,,,,,,,,,
Aug-1933,3141,3674,85485,2758,,,,,,,
,,,,,,,,,,,
Sep-1933,3182,2069,78321,2611,,,,,,,
,,,,,,,,,,,
Oct-1933,3888,1727,76077,2454,,,,,,,
,,,,,,,,,,,
Nov-1933,3305,1875,69966,2332,,,,,,,
,,,,,,,,,,,
Dec-1933,2636,2876,72157,2328,,,,,,,
,,,,,,,,,,,
Jan-1934,2288,2800,72017,2323,,,,,,,
,,,,,,,,,,,
Feb-1934,2511,3031,65383,2335,,,,,,,
,,,,,,,,,,,
Mar-1934,2582,2410,75426,2433,,,,,,,
,,,,,,,,,,,
Apr-1934,3942,2845,75645,2522,,,,,,,
,,,,,,,,,,,
May-1934,3724,3012,79966,2580,,,,,,,
,,,,,,,,,,,
Jun-1934,3794,3787,79636,2655,,,,,,,
,,,,,,,,,,,
Jul-1934,4128,3001,81339,2624,,,,,,,
,,,,,,,,,,,
Aug-1934,3696,2746,79105,2552,,,,,,,
,,,,,,,,,,,
Sep-1934,4068,2928,75759,2525,,,,,,,
,,,,,,,,,,,
Oct-1934,3277,2884,76593,2471,,,,,,,
,,,,,,,,,,,
Nov-1934,4680,2815,72399,2413,,,,,,,
,,,,,,,,,,,
Dec-1934,2437,3199,74797,2413,,,,,,,
,,,,,,,,,,,
Jan-1935,2369,2011,78715,2539,,,,,,,
,,,,,,,,,,,
Feb-1935,2804,1903,72763,2599,,,,,,,
,,,,,,,,,,,
Mar-1935,3281,2608,81488,2629,,,,,,,
,,,,,,,,,,,
Apr-1935,3776,2599,78427,2614,,,,,,,
,,,,,,,,,,,
May-1935,4613,3433,82454,2660,,,,,,,
,,,,,,,,,,,
Jun-1935,5589,2848,82338,2745,,,,,,,
,,,,,,,,,,,
Jul-1935,5832,2520,85485,2758,,,,,,,
,,,,,,,,,,,
Aug-1935,4946,3354,84816,2736,,,,,,,
,,,,,,,,,,,
Sep-1935,4971,2908,84109,2804,,,,,,,
,,,,,,,,,,,
Oct-1935,4810,2477,88160,2844,,,,,,,
,,,,,,,,,,,
Nov-1935,4289,2242,86476,2883,,,,,,,
,,,,,,,,,,,
Dec-1935,4098,3336,88711,2862,,,,,,,
,,,,,,,,,,,
Jan-1936,3067,1875,88820,2865,,,,,,,
,,,,,,,,,,,
Feb-1936,3474,2626,82120,2832,,,,,,,
,,,,,,,,,,,
Mar-1936,3155,2446,90568,2922,,,,,,,
,,,,,,,,,,,
Apr-1936,3743,2857,90479,3016,,,,,,,
,,,,,,,,,,,
May-1936,4390,3049,93739,3024,,,,,,,
,,,,,,,,,,,
Jun-1936,4792,2649,90185,3006,,,,,,,
,,,,,,,,,,,
Jul-1936,4458,2647,92075,2970,,,,,,,
,,,,,,,,,,,
Aug-1936,5561,3009,95090,3067,,,,,,,
,,,,,,,,,,,
Sep-1936,5025,2844,90972,3032,,,,,,,
,,,,,,,,,,,
Oct-1936,4708,2955,95795,3090,,,,,,,
,,,,,,,,,,,
Nov-1936,4145,2756,91018,3034,,,,,,,
,,,,,,,,,,,
Dec-1936,3666,2614,97652,3150,,,,,,,
,,,,,,,,,,,
Jan-1937,3596,1129,98567,3180,,,,,,,
,,,,,,,,,,,
Feb-1937,3777,603,93173,3328,,,,,,,
,,,,,,,,,,,
Mar-1937,3196,2058,106724,3443,,,,,,,
,,,,,,,,,,,
Apr-1937,4899,2614,104979,3499,,,,,,,
,,,,,,,,,,,
May-1937,6796,2638,110911,3578,,,,,,,
,,,,,,,,,,,
Jun-1937,6181,2695,105812,3527,,,,,,,
,,,,,,,,,,,
Jul-1937,6363,3199,110721,3572,,,,,,,
,,,,,,,,,,,
Aug-1937,7423,2945,115090,3713,,,,,,,
,,,,,,,,,,,
Sep-1937,6602,2351,109980,3666,,,,,,,
,,,,,,,,,,,
Oct-1937,6692,2435,110911,3578,,,,,,,
,,,,,,,,,,,
Nov-1937,6645,2425,104206,3474,,,,,,,
,,,,,,,,,,,
Dec-1937,5116,2392,106579,3438,,,,,,,
,,,,,,,,,,,
Jan-1938,5953,2095,106007,3420,,,,,,,
,,,,,,,,,,,
Feb-1938,5328,1883,94662,3381,,,,,,,
,,,,,,,,,,,
Mar-1938,6121,2569,106524,3436,,,,,,,
,,,,,,,,,,,
Apr-1938,7553,1827,102702,3423,,,,,,,
,,,,,,,,,,,
May-1938,7798,2081,98674,3183,,,,,,,
,,,,,,,,,,,
Jun-1938,7424,2192,94277,3143,,,,,,,
,,,,,,,,,,,
Jul-1938,7250,2565,102898,3319,,,,,,,
,,,,,,,,,,,
Aug-1938,7003,1714,106165,3425,,,,,,,
,,,,,,,,,,,
Sep-1938,5577,1574,98661,3289,,,,,,,
,,,,,,,,,,,
Oct-1938,6780,2693,101830,3285,,,,,,,
,,,,,,,,,,,
Nov-1938,5602,2359,98567,3286,,,,,,,
,,,,,,,,,,,
Dec-1938,4884,2860,102287,3300,,,,,,,
,,,,,,,,,,,
Jan-1939,4477,1868,102490,3306,,,,,,,
,,,,,,,,,,,
Feb-1939,4810,1598,93475,3338,,,,,,,
,,,,,,,,,,,
Mar-1939,4966,1630,106768,3444,,,,,,,
,,,,,,,,,,,
Apr-1939,6222,2932,105510,3517,,,,,,,
,,,,,,,,,,,
May-1939,8643,3928,110541,3566,,,,,,,
,,,,,,,,,,,
Jun-1939,5831,3664,104607,3487,,,,,,,
,,,,,,,,,,,
Jul-1939,7304,2934,110937,3579,,,,,,,
,,,,,,,,,,,
Aug-1939,5969,2898,80865,2609,,,,,,,
,,,,,,,,,,,
Sep-1939,6925,3084,108168,3606,,,,,,,
,,,,,,,,,,,
Oct-1939,6947,3099,114198,3684,,,,,,,
,,,,,,,,,,,
Nov-1939,5323,3132,111887,3730,,,,,,,
,,,,,,,,,,,
Dec-1939,4656,2328,114810,3704,,,,,,,
,,,,,,,,,,,
Jan-1940,2031,1950,117227,3782,,,,,,,
,,,,,,,,,,,
Feb-1940,1781,2267,108399,3738,,,,,,,
,,,,,,,,,,,
Mar-1940,2618,2895,121560,3921,,,,,,,
,,,,,,,,,,,
Apr-1940,2877,3169,119000,3967,,,,,,,
,,,,,,,,,,,
May-1940,4389,4097,123854,3995,,,,,,,
,,,,,,,,,,,
Jun-1940,3876,3688,119302,3977,,,,,,,
,,,,,,,,,,,
Jul-1940,4597,3981,127493,4113,,,,,,,
,,,,,,,,,,,
Aug-1940,3862,4223,130633,4214,,,,,,,
,,,,,,,,,,,
Sep-1940,3441,3912,130407,4347,,,,,,,
,,,,,,,,,,,
Oct-1940,3370,3815,136503,4403,,,,,,,
,,,,,,,,,,,
Nov-1940,3415,3932,133646,4455,,,,,,,
,,,,,,,,,,,
Dec-1940,2084,4733,135152,4360,,,,,,,
,,,,,,,,,,,
Jan-1941,1687,2793,110647,3569,,,,,,,
,,,,,,,,,,,
Feb-1941,1342,3371,100791,3600,,,,,,,
,,,,,,,,,,,
Mar-1941,1988,3821,112817,3639,,,,,,,
,,,,,,,,,,,
Apr-1941,2503,3831,111080,3703,,,,,,,
,,,,,,,,,,,
May-1941,4339,3866,116976,3773,,,,,,,
,,,,,,,,,,,
Jun-1941,3934,4332,115027,3834,,,,,,,
,,,,,,,,,,,
Jul-1941,3651,5331,118251,3815,,,,,,,
,,,,,,,,,,,
Aug-1941,3275,4327,121354,3915,,,,,,,
,,,,,,,,,,,
Sep-1941,2900,4662,119446,3982,,,,,,,
,,,,,,,,,,,
Oct-1941,2540,4757,126145,4069,,,,,,,
,,,,,,,,,,,
Nov-1941,2539,4757,123355,4112,,,,,,,
,,,,,,,,,,,
Dec-1941,2540,4758,128293,4138,,,,,,,
,,,,,,,,,,,
Jan-1942,1522,3554,128262,4137,,,,,,,
,,,,,,,,,,,
Feb-1942,1336,3068,113961,4070,,,,,,,
,,,,,,,,,,,
Mar-1942,1887,2058,114473,3693,,,,,,,
,,,,,,,,,,,
Apr-1942,2973,1109,105053,3502,,,,,,,
,,,,,,,,,,,
May-1942,3709,849,110192,3555,,,,,,,
,,,,,,,,,,,
Jun-1942,3591,540,108595,3620,,,,,,,
,,,,,,,,,,,
Jul-1942,3370,135,111782,3606,,,,,,,
,,,,,,,,,,,
Aug-1942,4073,315,120429,3885,,,,,,,
,,,,,,,,,,,
Sep-1942,3240,236,115801,3860,,,,,,,
,,,,,,,,,,,
Oct-1942,3264,111,120311,3881,,,,,,,
,,,,,,,,,,,
Nov-1942,2826,74,116101,3870,,,,,,,
,,,,,,,,,,,
Dec-1942,2043,248,120519,3888,,,,,,,
,,,,,,,,,,,
Jan-1943,2017,254,117372,3786,,,,,,,
,,,,,,,,,,,
Feb-1943,2416,0,108487,3875,,,,,,,
,,,,,,,,,,,
Mar-1943,2469,138,121648,3924,,,,,,,
,,,,,,,,,,,
Apr-1943,4155,179,119100,3970,,,,,,,
,,,,,,,,,,,
May-1943,4707,72,123957,3999,,,,,,,
,,,,,,,,,,,
Jun-1943,4325,454,120111,4004,,,,,,,
,,,,,,,,,,,
Jul-1943,4932,122,127629,4117,,,,,,,
,,,,,,,,,,,
Aug-1943,4011,2036,130796,4219,,,,,,,
,,,,,,,,,,,
Sep-1943,3441,1568,130564,4352,,,,,,,
,,,,,,,,,,,
Oct-1943,3370,2797,136837,4414,,,,,,,
,,,,,,,,,,,
Nov-1943,3415,2740,133824,4461,,,,,,,
,,,,,,,,,,,
Dec-1943,2084,3473,135288,4364,,,,,,,
,,,,,,,,,,,
Jan-1944,2488,3083,135682,4377,,,,,,,
,,,,,,,,,,,
Feb-1944,1904,3183,128842,4443,,,,,,,
,,,,,,,,,,,
Mar-1944,2105,2281,136814,4413,,,,,,,
,,,,,,,,,,,
Apr-1944,2891,3371,133588,4453,,,,,,,
,,,,,,,,,,,
May-1944,3136,4217,141189,4554,,,,,,,
,,,,,,,,,,,
Jun-1944,3642,3719,137263,4575,,,,,,,
,,,,,,,,,,,
Jul-1944,3516,3195,141438,4563,,,,,,,
,,,,,,,,,,,
Aug-1944,3387,4975,145407,4691,,,,,,,
,,,,,,,,,,,
Sep-1944,3354,3802,142985,4766,,,,,,,
,,,,,,,,,,,
Oct-1944,2990,5585,146911,4739,,,,,,,
,,,,,,,,,,,
Nov-1944,3001,3377,142463,4749,,,,,,,
,,,,,,,,,,,
Dec-1944,1824,4027,145322,4688,,,,,,,
,,,,,,,,,,,
Jan-1945,1302,3969,147446,4756,,,,,,,
,,,,,,,,,,,
Feb-1945,1599,3939,133463,4767,,,,,,,
,,,,,,,,,,,
Mar-1945,1973,6197,148935,4804,,,,,,,
,,,,,,,,,,,
Apr-1945,2663,5151,144219,4807,,,,,,,
,,,,,,,,,,,
May-1945,3208,6621,151180,4877,,,,,,,
,,,,,,,,,,,
Jun-1945,2915,5620,145783,4859,,,,,,,
,,,,,,,,,,,
Jul-1945,3533,7601,151803,4897,,,,,,,
,,,,,,,,,,,
Aug-1945,3308,7230,151198,4877,,,,,,,
,,,,,,,,,,,
Sep-1945,3166,5759,132690,4423,,,,,,,
,,,,,,,,,,,
Oct-1945,3603,7347,132800,4284,,,,,,,
,,,,,,,,,,,
Nov-1945,3399,7395,135511,4517,,,,,,,
,,,,,,,,,,,
Dec-1945,2329,7508,138627,4472,,,,,,,
,,,,,,,,,,,
Jan-1946,1932,6917,143368,4625,,,,,,,
,,,,,,,,,,,
Feb-1946,1997,6787,132129,4719,,,,,,,
,,,,,,,,,,,
Mar-1946,2720,6812,136835,4414,,,,,,,
,,,,,,,,,,,
Apr-1946,3618,7466,140196,4673,,,,,,,
,,,,,,,,,,,
May-1946,3614,7508,148334,4785,,,,,,,
,,,,,,,,,,,
Jun-1946,3323,6880,146890,4896,,,,,,,
,,,,,,,,,,,
Jul-1946,4290,6978,152586,4922,,,,,,,
,,,,,,,,,,,
Aug-1946,4368,8296,149910,4836,,,,,,,
,,,,,,,,,,,
Sep-1946,4152,7508,143708,4790,,,,,,,
,,,,,,,,,,,
Oct-1946,4244,7001,148323,4785,,,,,,,
,,,,,,,,,,,
Nov-1946,3325,6852,144674,4822,,,,,,,
,,,,,,,,,,,
Dec-1946,3167,7061,146471,4725,,,,,,,
,,,,,,,,,,,
Jan-1947,2481,7763,144823,4672,,,,,,,
,,,,,,,,,,,
Feb-1947,2585,8444,134696,4811,,,,,,,
,,,,,,,,,,,
Mar-1947,3257,9263,152178,4909,,,,,,,
,,,,,,,,,,,
Apr-1947,3999,7276,149410,4980,,,,,,,
,,,,,,,,,,,
May-1947,4789,8703,156055,5034,,,,,,,
,,,,,,,,,,,
Jun-1947,3758,7628,153058,5102,,,,,,,
,,,,,,,,,,,
Jul-1947,5184,7294,159366,5141,,,,,,,
,,,,,,,,,,,
Aug-1947,4139,8242,160448,5176,,,,,,,
,,,,,,,,,,,
Sep-1947,4087,8658,157665,5256,,,,,,,
,,,,,,,,,,,
Oct-1947,3712,7761,165032,5324,,,,,,,
,,,,,,,,,,,
Nov-1947,3844,7688,158701,5290,,,,,,,
,,,,,,,,,,,
Dec-1947,4520,8812,165555,5340,,,,,,,
,,,,,,,,,,,
Jan-1948,2992,8427,164098,5293,,,,,,,
,,,,,,,,,,,
Feb-1948,2626,8354,155577,5365,,,,,,,
,,,,,,,,,,,
Mar-1948,3138,8682,167868,5415,,,,,,,
,,,,,,,,,,,
Apr-1948,3538,9757,164726,5491,,,,,,,
,,,,,,,,,,,
May-1948,3362,10293,170705,5507,,,,,,,
,,,,,,,,,,,
Jun-1948,3419,9749,166448,5548,,,,,,,
,,,,,,,,,,,
Jul-1948,3661,11478,171369,5528,,,,,,,
,,,,,,,,,,,
Aug-1948,3974,10883,173015,5581,,,,,,,
,,,,,,,,,,,
Sep-1948,3362,11428,163244,5441,,,,,,,
,,,,,,,,,,,
Oct-1948,3404,12572,174972,5644,,,,,,,
,,,,,,,,,,,
Nov-1948,3192,12923,170777,5693,,,,,,,
,,,,,,,,,,,
Dec-1948,3068,14547,177386,5722,,,,,,,
,,,,,,,,,,,
Jan-1949,2127,14131,167016,5388,,,,,,,
,,,,,,,,,,,
Feb-1949,1942,12547,150682,5382,,,,,,,
,,,,,,,,,,,
Mar-1949,1866,11085,162399,5239,,,,,,,
,,,,,,,,,,,
Apr-1949,3655,11952,150343,5011,,,,,,,
,,,,,,,,,,,
May-1949,2872,12669,154250,4976,,,,,,,
,,,,,,,,,,,
Jun-1949,3071,11678,147283,4909,,,,,,,
,,,,,,,,,,,
Jul-1949,2866,12988,145530,4695,,,,,,,
,,,,,,,,,,,
Aug-1949,3403,12472,148356,4786,,,,,,,
,,,,,,,,,,,
Sep-1949,2619,10845,148286,4943,,,,,,,
,,,,,,,,,,,
Oct-1949,2916,15242,155469,5015,,,,,,,
,,,,,,,,,,,
Nov-1949,3010,13036,156496,5217,,,,,,,
,,,,,,,,,,,
Dec-1949,2722,15041,155830,5027,,,,,,,
,,,,,,,,,,,
Jan-1950,2130,15102,152935,4933,,,,,,,
,,,,,,,,,,,
Feb-1950,2328,11499,139127,4969,,,,,,,
,,,,,,,,,,,
Mar-1950,2153,14614,151301,4881,,,,,,,
,,,,,,,,,,,
Apr-1950,2968,15336,149147,4972,,,,,,,
,,,,,,,,,,,
May-1950,2946,13618,159558,5147,,,,,,,
,,,,,,,,,,,
Jun-1950,3095,14931,161305,5377,,,,,,,
,,,,,,,,,,,
Jul-1950,3274,15076,170058,5486,,,,,,,
,,,,,,,,,,,
Aug-1950,3096,15539,176192,5684,,,,,,,
,,,,,,,,,,,
Sep-1950,2654,15760,176698,5890,,,,,,,
,,,,,,,,,,,
Oct-1950,4033,15809,183011,5904,,,,,,,
,,,,,,,,,,,
Nov-1950,3229,13992,176782,5893,,,,,,,
,,,,,,,,,,,
Dec-1950,2917,16438,177460,5725,,,,,,,
,,,,,,,,,,,
Jan-1951,2913,15472,183437,5917,,,,,,,
,,,,,,,,,,,
Feb-1951,2471,13096,166163,5934,,,,,,,
,,,,,,,,,,,
Mar-1951,2640,14971,187774,6057,,,,,,,
,,,,,,,,,,,
Apr-1951,3615,15319,183860,6129,,,,,,,
,,,,,,,,,,,
May-1951,1791,16051,191601,6181,,,,,,,
,,,,,,,,,,,
Jun-1951,2342,16889,184064,6135,,,,,,,
,,,,,,,,,,,
Jul-1951,2320,16940,190626,6149,,,,,,,
,,,,,,,,,,,
Aug-1951,2361,16404,193537,6243,,,,,,,
,,,,,,,,,,,
Sep-1951,2199,15000,188016,6267,,,,,,,
,,,,,,,,,,,
Oct-1951,1947,13054,198163,6392,,,,,,,
,,,,,,,,,,,
Nov-1951,1858,12760,188499,6283,,,,,,,
,,,,,,,,,,,
Dec-1951,2147,13117,191971,6193,,,,,,,
,,,,,,,,,,,
Jan-1952,2303,15123,192848,6221,,,,,,,
,,,,,,,,,,,
Feb-1952,2211,14228,184818,6373,,,,,,,
,,,,,,,,,,,
Mar-1952,2939,15817,197121,6359,,,,,,,
,,,,,,,,,,,
Apr-1952,3340,16170,192936,6431,,,,,,,
,,,,,,,,,,,
May-1952,1718,16903,157748,5089,,,,,,,
,,,,,,,,,,,
Jun-1952,2388,17434,185692,6190,,,,,,,
,,,,,,,,,,,
Jul-1952,1876,18519,188985,6096,,,,,,,
,,,,,,,,,,,
Aug-1952,1966,19596,192768,6218,,,,,,,
,,,,,,,,,,,
Sep-1952,1664,18459,195603,6520,,,,,,,
,,,,,,,,,,,
Oct-1952,1526,19948,201581,6503,,,,,,,
,,,,,,,,,,,
Nov-1952,1805,18709,193832,6461,,,,,,,
,,,,,,,,,,,
Dec-1952,2960,18685,205904,6642,,,,,,,
,,,,,,,,,,,
Jan-1953,2211,19098,203211,6555,,,,,,,
,,,,,,,,,,,
Feb-1953,2011,16400,183183,6542,,,,,,,
,,,,,,,,,,,
Mar-1953,2171,20320,202024,6517,,,,,,,
,,,,,,,,,,,
Apr-1953,2833,18839,191953,6398,,,,,,,
,,,,,,,,,,,
May-1953,1611,21677,198117,6391,,,,,,,
,,,,,,,,,,,
Jun-1953,1824,21207,197630,6588,,,,,,,
,,,,,,,,,,,
Jul-1953,1232,19513,204711,6604,,,,,,,
,,,,,,,,,,,
Aug-1953,1321,20847,204490,6596,,,,,,,
,,,,,,,,,,,
Sep-1953,1109,20757,196571,6552,,,,,,,
,,,,,,,,,,,
Oct-1953,1178,19806,193726,6249,,,,,,,
,,,,,,,,,,,
Nov-1953,1052,19444,188116,6271,,,,,,,
,,,,,,,,,,,
Dec-1953,1378,18547,193350,6237,,,,,,,
,,,,,,,,,,,
Jan-1954,1587,19141,193437,6240,,,,,,,
,,,,,,,,,,,
Feb-1954,795,17395,178644,6380,,,,,,,
,,,,,,,,,,,
Mar-1954,873,20260,201763,6508,,,,,,,
,,,,,,,,,,,
Apr-1954,1418,17229,198502,6617,,,,,,,
,,,,,,,,,,,
May-1954,1258,21957,200627,6472,,,,,,,
,,,,,,,,,,,
Jun-1954,1372,18728,194974,6499,,,,,,,
,,,,,,,,,,,
Jul-1954,1073,22448,194098,6261,,,,,,,
,,,,,,,,,,,
Aug-1954,1349,20589,190388,6142,,,,,,,
,,,,,,,,,,,
Sep-1954,509,20168,184325,6144,,,,,,,
,,,,,,,,,,,
Oct-1954,1521,19893,189724,6120,,,,,,,
,,,,,,,,,,,
Nov-1954,1047,19082,190372,6346,,,,,,,
,,,,,,,,,,,
Dec-1954,797,22589,198134,6391,,,,,,,
,,,,,,,,,,,
Jan-1955,381,22922,209601,6761,,,,,,,
,,,,,,,,,,,
Feb-1955,976,21033,191342,6834,,,,,,,
,,,,,,,,,,,
Mar-1955,833,22989,213453,6886,,,,,,,
,,,,,,,,,,,
Apr-1955,1431,20907,206668,6889,,,,,,,
,,,,,,,,,,,
May-1955,1166,23017,207067,6680,,,,,,,
,,,,,,,,,,,
Jun-1955,1053,22934,197844,6595,,,,,,,
,,,,,,,,,,,
Jul-1955,887,25788,205614,6633,,,,,,,
,,,,,,,,,,,
Aug-1955,1191,23406,206619,6665,,,,,,,
,,,,,,,,,,,
Sep-1955,870,24882,202037,6735,,,,,,,
,,,,,,,,,,,
Oct-1955,871,25439,211866,6834,,,,,,,
,,,,,,,,,,,
Nov-1955,872,24685,210454,7015,,,,,,,
,,,,,,,,,,,
Dec-1955,1040,27419,221863,7157,,,,,,,
,,,,,,,,,,,
Jan-1956,994,24944,223125,7198,,,,,,,
,,,,,,,,,,,
Feb-1956,501,24585,209078,7210,,,,,,,
,,,,,,,,,,,
Mar-1956,1155,28942,225645,7279,,,,,,,
,,,,,,,,,,,
Apr-1956,610,24462,214412,7147,,,,,,,
,,,,,,,,,,,
May-1956,1236,29074,218942,7063,,,,,,,
,,,,,,,,,,,
Jun-1956,857,29606,213010,7100,,,,,,,
,,,,,,,,,,,
Jul-1956,748,33593,219770,7089,,,,,,,
,,,,,,,,,,,
Aug-1956,1179,31029,223035,7195,,,,,,,
,,,,,,,,,,,
Sep-1956,805,31281,211585,7053,,,,,,,
,,,,,,,,,,,
Oct-1956,1444,31123,215570,6954,,,,,,,
,,,,,,,,,,,
Nov-1956,8551,26123,214438,7148,,,,,,,
,,,,,,,,,,,
Dec-1956,10544,27071,228673,7377,,,,,,,
,,,,,,,,,,,
Jan-1957,7566,25255,231631,7472,,,,,,,
,,,,,,,,,,,
Feb-1957,7909,22119,214967,7677,,,,,,,
,,,,,,,,,,,
Mar-1957,14100,26320,238490,7693,,,,,,,
,,,,,,,,,,,
Apr-1957,9232,27716,226392,7546,,,,,,,
,,,,,,,,,,,
May-1957,3698,33159,230466,7434,,,,,,,
,,,,,,,,,,,
Jun-1957,1745,35045,213302,7110,,,,,,,
,,,,,,,,,,,
Jul-1957,1197,37736,212781,6864,,,,,,,
,,,,,,,,,,,
Aug-1957,1036,40275,210150,6779,,,,,,,
,,,,,,,,,,,
Sep-1957,739,32161,206777,6893,,,,,,,
,,,,,,,,,,,
Oct-1957,1007,32718,212055,6840,,,,,,,
,,,,,,,,,,,
Nov-1957,926,28225,205249,6842,,,,,,,
,,,,,,,,,,,
Dec-1957,1088,32526,214641,6924,,,,,,,
,,,,,,,,,,,
Jan-1958,425,31747,213280,6880,,,,,,,
,,,,,,,,,,,
Feb-1958,213,23232,190947,6820,,,,,,,
,,,,,,,,,,,
Mar-1958,838,31366,194580,6277,,,,,,,
,,,,,,,,,,,
Apr-1958,643,25835,189014,6300,,,,,,,
,,,,,,,,,,,
May-1958,503,28972,193205,6232,,,,,,,
,,,,,,,,,,,
Jun-1958,216,28802,190172,6339,,,,,,,
,,,,,,,,,,,
Jul-1958,308,26916,203701,6571,,,,,,,
,,,,,,,,,,,
Aug-1958,334,29865,215030,6936,,,,,,,
,,,,,,,,,,,
Sep-1958,170,29927,212642,7088,,,,,,,
,,,,,,,,,,,
Oct-1958,330,28885,215887,6964,,,,,,,
,,,,,,,,,,,
Nov-1958,292,29026,209252,6975,,,,,,,
,,,,,,,,,,,
Dec-1958,74,33434,221277,7138,,,,,,,
,,,,,,,,,,,
Jan-1959,352,28664,223926,7223,,,,,,,
,,,,,,,,,,,
Feb-1959,97,29467,201435,7194,,,,,,,
,,,,,,,,,,,
Mar-1959,178,28113,222839,7188,,,,,,,
,,,,,,,,,,,
Apr-1959,230,22270,217685,7256,,,,,,,
,,,,,,,,,,,
May-1959,267,29089,223806,7220,,,,,,,
,,,,,,,,,,,
Jun-1959,192,36147,212489,7083,,,,,,,
,,,,,,,,,,,
Jul-1959,174,27510,210311,6784,,,,,,,
,,,,,,,,,,,
Aug-1959,237,29943,209733,6766,,,,,,,
,,,,,,,,,,,
Sep-1959,151,29486,205700,6857,,,,,,,
,,,,,,,,,,,
Oct-1959,258,30355,214248,6911,,,,,,,
,,,,,,,,,,,
Nov-1959,132,29421,209449,6982,,,,,,,
,,,,,,,,,,,
Dec-1959,258,31879,222969,7193,,,,,,,
,,,,,,,,,,,
Jan-1960,264,28610,224140,7230,,,,,,,
,,,,,,,,,,,
Feb-1960,298,29730,209986,7241,,,,,,,
,,,,,,,,,,,
Mar-1960,260,29292,220977,7128,,,,,,,
,,,,,,,,,,,
Apr-1960,270,33877,211132,7038,,,,,,,
,,,,,,,,,,,
May-1960,127,30571,212296,6848,,,,,,,
,,,,,,,,,,,
Jun-1960,436,32730,208161,6939,,,,,,,
,,,,,,,,,,,
Jul-1960,248,31191,212645,6860,,,,,,,
,,,,,,,,,,,
Aug-1960,86,32768,215145,6940,,,,,,,
,,,,,,,,,,,
Sep-1960,234,32691,209119,6971,,,,,,,
,,,,,,,,,,,
Oct-1960,352,31458,215687,6958,,,,,,,
,,,,,,,,,,,
Nov-1960,0,29980,213992,7133,,,,,,,
,,,,,,,,,,,
Dec-1960,512,28677,221653,7150,,,,,,,
,,,,,,,,,,,
Jan-1961,135,33688,223497,7210,,,,,,,
,,,,,,,,,,,
Feb-1961,295,28768,204274,7296,,,,,,,
,,,,,,,,,,,
Mar-1961,339,33276,231596,7471,,,,,,,
,,,,,,,,,,,
Apr-1961,316,26969,219846,7328,,,,,,,
,,,,,,,,,,,
May-1961,229,33566,221553,7147,,,,,,,
,,,,,,,,,,,
Jun-1961,435,27186,213084,7103,,,,,,,
,,,,,,,,,,,
Jul-1961,178,37975,215699,6958,,,,,,,
,,,,,,,,,,,
Aug-1961,309,34048,220218,7104,,,,,,,
,,,,,,,,,,,
Sep-1961,130,33147,209848,6995,,,,,,,
,,,,,,,,,,,
Oct-1961,190,33585,220942,7127,,,,,,,
,,,,,,,,,,,
Nov-1961,400,30119,214566,7152,,,,,,,
,,,,,,,,,,,
Dec-1961,271,29221,226635,7311,,,,,,,
,,,,,,,,,,,
Jan-1962,99,36349,227756,7347,,,,,,,
,,,,,,,,,,,
Feb-1962,141,31603,209072,7467,,,,,,,
,,,,,,,,,,,
Mar-1962,208,31761,228661,7376,,,,,,,
,,,,,,,,,,,
Apr-1962,87,32249,221737,7391,,,,,,,
,,,,,,,,,,,
May-1962,340,34181,222969,7193,,,,,,,
,,,,,,,,,,,
Jun-1962,42,33817,217712,7257,,,,,,,
,,,,,,,,,,,
Jul-1962,190,35936,224018,7226,,,,,,,
,,,,,,,,,,,
Aug-1962,184,40293,224240,7234,,,,,,,
,,,,,,,,,,,
Sep-1962,91,34407,219589,7320,,,,,,,
,,,,,,,,,,,
Oct-1962,3,35828,228380,7367,,,,,,,
,,,,,,,,,,,
Nov-1962,260,33266,223231,7441,,,,,,,
,,,,,,,,,,,
Dec-1962,145,31349,228824,7381,,,,,,,
,,,,,,,,,,,
Jan-1963,179,41043,226420,7304,,,,,,,
,,,,,,,,,,,
Feb-1963,116,30898,212437,7587,,,,,,,
,,,,,,,,,,,
Mar-1963,95,36070,234289,7558,,,,,,,
,,,,,,,,,,,
Apr-1963,170,32593,228270,7609,,,,,,,
,,,,,,,,,,,
May-1963,140,34484,234499,7564,,,,,,,
,,,,,,,,,,,
Jun-1963,123,31872,226853,7562,,,,,,,
,,,,,,,,,,,
Jul-1963,146,38214,235144,7585,,,,,,,
,,,,,,,,,,,
Aug-1963,178,36666,236830,7640,,,,,,,
,,,,,,,,,,,
Sep-1963,100,34898,225207,7507,,,,,,,
,,,,,,,,,,,
Oct-1963,179,31362,233610,7536,,,,,,,
,,,,,,,,,,,
Nov-1963,106,34241,226321,7544,,,,,,,
,,,,,,,,,,,
Dec-1963,166,30319,232843,7511,,,,,,,
,,,,,,,,,,,
Jan-1964,116,39635,236337,7624,,,,,,,
,,,,,,,,,,,
Feb-1964,98,32209,222947,7688,,,,,,,
,,,,,,,,,,,
Mar-1964,233,36945,239068,7712,,,,,,,
,,,,,,,,,,,
Apr-1964,100,33091,232185,7739,,,,,,,
,,,,,,,,,,,
May-1964,174,35968,234742,7572,,,,,,,
,,,,,,,,,,,
Jun-1964,152,34387,226808,7560,,,,,,,
,,,,,,,,,,,
Jul-1964,90,43820,231648,7473,,,,,,,
,,,,,,,,,,,
Aug-1964,118,40743,230926,7449,,,,,,,
,,,,,,,,,,,
Sep-1964,71,36853,225965,7532,,,,,,,
,,,,,,,,,,,
Oct-1964,88,39224,236304,7623,,,,,,,
,,,,,,,,,,,
Nov-1964,0,34102,229029,7634,,,,,,,
,,,,,,,,,,,
Dec-1964,123,31666,240863,7770,,,,,,,
,,,,,,,,,,,
Jan-1965,89,37344,240946,7773,,,,,,,
,,,,,,,,,,,
Feb-1965,45,32685,218612,7808,,,,,,,
,,,,,,,,,,,
Mar-1965,3,41398,243763,7863,,,,,,,
,,,,,,,,,,,
Apr-1965,187,38110,236844,7895,,,,,,,
,,,,,,,,,,,
May-1965,0,38961,238253,7686,,,,,,,
,,,,,,,,,,,
Jun-1965,68,39912,232440,7748,,,,,,,
,,,,,,,,,,,
Jul-1965,421,40691,237606,7665,,,,,,,
,,,,,,,,,,,
Aug-1965,0,40770,240180,7748,,,,,,,
,,,,,,,,,,,
Sep-1965,0,43152,222529,7418,,,,,,,
,,,,,,,,,,,
Oct-1965,182,39111,244122,7875,,,,,,,
,,,,,,,,,,,
Nov-1965,94,32024,239635,7988,,,,,,,
,,,,,,,,,,,
Dec-1965,8,27882,253584,8180,,,,,,,
,,,,,,,,,,,
Jan-1966,135,41956,249459,8047,,,,,,,
,,,,,,,,,,,
Feb-1966,0,34658,230733,8240,,,,,,,
,,,,,,,,,,,
Mar-1966,108,38765,257107,8294,,,,,,,
,,,,,,,,,,,
Apr-1966,290,36508,248155,8272,,,,,,,
,,,,,,,,,,,
May-1966,1,37330,258677,8344,,,,,,,
,,,,,,,,,,,
Jun-1966,130,38959,250391,8346,,,,,,,
,,,,,,,,,,,
Jul-1966,240,39062,255121,8230,,,,,,,
,,,,,,,,,,,
Aug-1966,186,41458,255812,8252,,,,,,,
,,,,,,,,,,,
Sep-1966,83,36004,247632,8254,,,,,,,
,,,,,,,,,,,
Oct-1966,95,36019,258008,8323,,,,,,,
,,,,,,,,,,,
Nov-1966,88,34413,252825,8427,,,,,,,
,,,,,,,,,,,
Dec-1966,121,31988,263843,8511,,,,,,,
,,,,,,,,,,,
Jan-1967,27,41107,265577,8567,,,,,,,
,,,,,,,,,,,
Feb-1967,0,29220,241366,8620,,,,,,,
,,,,,,,,,,,
Mar-1967,87,37585,264854,8544,,,,,,,
,,,,,,,,,,,
Apr-1967,251,38219,254252,8475,,,,,,,
,,,,,,,,,,,
May-1967,0,39880,259923,8385,,,,,,,
,,,,,,,,,,,
Jun-1967,1830,33640,256174,8539,,,,,,,
,,,,,,,,,,,
Jul-1967,8526,30092,283776,9154,,,,,,,
,,,,,,,,,,,
Aug-1967,8188,31458,292495,9435,,,,,,,
,,,,,,,,,,,
Sep-1967,6033,31458,272845,9095,,,,,,,
,,,,,,,,,,,
Oct-1967,1421,31890,278997,9000,,,,,,,
,,,,,,,,,,,
Nov-1967,124,29622,269348,8978,,,,,,,
,,,,,,,,,,,
Dec-1967,54,37478,276135,8908,,,,,,,
,,,,,,,,,,,
Jan-1968,250,30537,279868,9028,,,,,,,
,,,,,,,,,,,
Feb-1968,283,28152,270425,9325,,,,,,,
,,,,,,,,,,,
Mar-1968,41,35506,288882,9319,,,,,,,
,,,,,,,,,,,
Apr-1968,144,32459,273690,9123,,,,,,,
,,,,,,,,,,,
May-1968,87,37462,285355,9205,,,,,,,
,,,,,,,,,,,
Jun-1968,226,40212,274320,9144,,,,,,,
,,,,,,,,,,,
Jul-1968,2,45717,283836,9156,,,,,,,
,,,,,,,,,,,
Aug-1968,86,43243,283154,9134,,,,,,,
,,,,,,,,,,,
Sep-1968,76,42474,267960,8932,,,,,,,
,,,,,,,,,,,
Oct-1968,111,45912,276396,8916,,,,,,,
,,,,,,,,,,,
Nov-1968,402,40779,269070,8969,,,,,,,
,,,,,,,,,,,
Dec-1968,94,49870,276086,8906,,,,,,,
,,,,,,,,,,,
Jan-1969,0,35442,275528,8888,,,,,,,
,,,,,,,,,,,
Feb-1969,220,36537,249984,8928,,,,,,,
,,,,,,,,,,,
Mar-1969,176,45654,280705,9055,,,,,,,
,,,,,,,,,,,
Apr-1969,93,43568,277140,9238,,,,,,,
,,,,,,,,,,,
May-1969,216,44137,290036,9356,,,,,,,
,,,,,,,,,,,
Jun-1969,1,40960,288935,9631,,,,,,,
,,,,,,,,,,,
Jul-1969,0,43209,288145,9295,,,,,,,
,,,,,,,,,,,
Aug-1969,144,44887,281077,9067,,,,,,,
,,,,,,,,,,,
Sep-1969,83,42364,278850,9295,,,,,,,
,,,,,,,,,,,
Oct-1969,162,45042,285603,9213,,,,,,,
,,,,,,,,,,,
Nov-1969,240,43775,280380,9346,,,,,,,
,,,,,,,,,,,
Dec-1969,101,48539,295368,9528,,,,,,,
,,,,,,,,,,,
Jan-1970,93,43795,293818,9478,,,,,,,
,,,,,,,,,,,
Feb-1970,0,41114,267960,9570,,,,,,,
,,,,,,,,,,,
Mar-1970,70,46350,294748,9508,,,,,,,
,,,,,,,,,,,
Apr-1970,94,35142,287730,9591,,,,,,,
,,,,,,,,,,,
May-1970,0,37468,295213,9523,,,,,,,
,,,,,,,,,,,
Jun-1970,302,41178,280770,9359,,,,,,,
,,,,,,,,,,,
Jul-1970,97,39056,285274,9202,,,,,,,
,,,,,,,,,,,
Aug-1970,11,36515,296360,9560,,,,,,,
,,,,,,,,,,,
Sep-1970,0,40310,295590,9853,,,,,,,
,,,,,,,,,,,
Oct-1970,1962,36875,310403,10013,,,,,,,
,,,,,,,,,,,
Nov-1970,1616,37815,301320,10044,,,,,,,
,,,,,,,,,,,
Dec-1970,746,47675,308264,9944,,,,,,,
,,,,,,,,,,,
Jan-1971,0,34772,299305,9655,,,,,,,
,,,,,,,,,,,
Feb-1971,2,37655,272412,9729,,,,,,,
,,,,,,,,,,,
Mar-1971,1,43235,302808,9768,,,,,,,
,,,,,,,,,,,
Apr-1971,313,45207,293070,9769,,,,,,,
,,,,,,,,,,,
May-1971,8,46540,298995,9645,,,,,,,
,,,,,,,,,,,
Jun-1971,0,50337,288120,9604,,,,,,,
,,,,,,,,,,,
Jul-1971,0,54768,293121,9456,,,,,,,
,,,,,,,,,,,
Aug-1971,0,58755,291741,9411,,,,,,,
,,,,,,,,,,,
Sep-1971,143,57012,274050,9135,,,,,,,
,,,,,,,,,,,
Oct-1971,36,59617,284022,9162,,,,,,,
,,,,,,,,,,,
Nov-1971,0,59557,274170,9139,,,,,,,
,,,,,,,,,,,
Dec-1971,0,65962,282100,9100,,,,,,,
,,,,,,,,,,,
Jan-1972,0,63419,282534,9114,,,,,,,
,,,,,,,,,,,
Feb-1972,0,60344,270744,9336,,,,,,,
,,,,,,,,,,,
Mar-1972,0,64066,293322,9462,,,,,,,
,,,,,,,,,,,
Apr-1972,187,60129,285390,9513,,,,,,,
,,,,,,,,,,,
May-1972,0,66958,298034,9614,,,,,,,
,,,,,,,,,,,
Jun-1972,0,62544,285660,9522,,,,,,,
,,,,,,,,,,,
Jul-1972,0,67635,294376,9496,,,,,,,
,,,,,,,,,,,
Aug-1972,0,65463,293973,9483,,,,,,,
,,,,,,,,,,,
Sep-1972,0,70909,285240,9508,,,,,,,
,,,,,,,,,,,
Oct-1972,0,78003,293930,9482,,,,,,,
,,,,,,,,,,,
Nov-1972,0,68978,282780,9426,,,,,,,
,,,,,,,,,,,
Dec-1972,0,82687,289385,9335,,,,,,,
,,,,,,,,,,,
Jan-1973,0,84693,284454,9176,,,,,,,
,,,,,,,,,,,
Feb-1973,0,80433,263066,9395,,,,,,,
,,,,,,,,,,,
Mar-1973,0,98021,287430,9272,,,,,,,
,,,,,,,,,,,
Apr-1973,0,91459,278757,9292,,,,,,,
,,,,,,,,,,,
May-1973,128,99654,287134,9262,,,,,,,
,,,,,,,,,,,
Jun-1973,0,96613,276418,9214,,,,,,,
,,,,,,,,,,,
Jul-1973,232,108530,285731,9217,,,,,,,
,,,,,,,,,,,
Aug-1973,0,111368,284225,9169,,,,,,,
,,,,,,,,,,,
Sep-1973,160,104117,271959,9065,,,,,,,
,,,,,,,,,,,
Oct-1973,0,115905,285940,9224,,,,,,,
,,,,,,,,,,,
Nov-1973,0,103570,274829,9161,,,,,,,
,,,,,,,,,,,
Dec-1973,177,89633,280960,9063,,,,,,,
,,,,,,,,,,,
Jan-1974,534,73839,276950,8934,,,,,,,
,,,,,,,,,,,
Feb-1974,281,62940,255982,9142,,,,,,,
,,,,,,,,,,,
Mar-1974,0,76329,277927,8965,,,,,,,
,,,,,,,,,,,
Apr-1974,15,98011,268619,8954,,,,,,,
,,,,,,,,,,,
May-1974,200,121139,276228,8911,,,,,,,
,,,,,,,,,,,
Jun-1974,44,117747,263407,8780,,,,,,,
,,,,,,,,,,,
Jul-1974,0,126835,272184,8780,,,,,,,
,,,,,,,,,,,
Aug-1974,0,121634,269665,8699,,,,,,,
,,,,,,,,,,,
Sep-1974,0,113907,253288,8443,,,,,,,
,,,,,,,,,,,
Oct-1974,0,118096,266949,8611,,,,,,,
,,,,,,,,,,,
Nov-1974,0,118739,257064,8569,,,,,,,
,,,,,,,,,,,
Dec-1974,0,119939,264322,8527,,,,,,,
,,,,,,,,,,,
Jan-1975,836,124901,262104,8455,,,,,,,
,,,,,,,,,,,
Feb-1975,942,107194,240552,8591,,,,,,,
,,,,,,,,,,,
Mar-1975,349,113345,263297,8493,,,,,,,
,,,,,,,,,,,
Apr-1975,19,101338,253698,8457,,,,,,,
,,,,,,,,,,,
May-1975,0,108072,259742,8379,,,,,,,
,,,,,,,,,,,
Jun-1975,0,117142,252624,8421,,,,,,,
,,,,,,,,,,,
Jul-1975,0,129966,258408,8336,,,,,,,
,,,,,,,,,,,
Aug-1975,0,142016,255712,8249,,,,,,,
,,,,,,,,,,,
Sep-1975,0,140675,248389,8280,,,,,,,
,,,,,,,,,,,
Oct-1975,0,136068,258057,8324,,,,,,,
,,,,,,,,,,,
Nov-1975,0,138703,248336,8278,,,,,,,
,,,,,,,,,,,
Dec-1975,0,138761,255860,8254,,,,,,,
,,,,,,,,,,,
Jan-1976,0,142427,255185,8232,,,,,,,
,,,,,,,,,,,
Feb-1976,0,122030,238705,8231,,,,,,,
,,,,,,,,,,,
Mar-1976,45,146879,255198,8232,,,,,,,
,,,,,,,,,,,
Apr-1976,0,143687,242310,8077,,,,,,,
,,,,,,,,,,,
May-1976,1,144748,251860,8125,,,,,,,
,,,,,,,,,,,
Jun-1976,0,168833,242833,8094,,,,,,,
,,,,,,,,,,,
Jul-1976,0,179540,251942,8127,,,,,,,
,,,,,,,,,,,
Aug-1976,380,172221,251429,8111,,,,,,,
,,,,,,,,,,,
Sep-1976,0,176237,244489,8150,,,,,,,
,,,,,,,,,,,
Oct-1976,563,176357,249962,8063,,,,,,,
,,,,,,,,,,,
Nov-1976,900,178367,242388,8080,,,,,,,
,,,,,,,,,,,
Dec-1976,1052,183686,249879,8061,,,,,,,
,,,,,,,,,,,
Jan-1977,412,194772,243478,7854,,,,,,,
,,,,,,,,,,,
Feb-1977,1651,186454,227890,8139,,,,,,,
,,,,,,,,,,,
Mar-1977,995,207674,250778,8090,,,,,,,
,,,,,,,,,,,
Apr-1977,505,204618,244347,8145,,,,,,,
,,,,,,,,,,,
May-1977,2760,211354,250317,8075,,,,,,,
,,,,,,,,,,,
Jun-1977,292,211959,243058,8102,,,,,,,
,,,,,,,,,,,
Jul-1977,1646,219104,251244,8105,,,,,,,
,,,,,,,,,,,
Aug-1977,1145,198245,257510,8307,,,,,,,
,,,,,,,,,,,
Sep-1977,2719,192880,254392,8480,,,,,,,
,,,,,,,,,,,
Oct-1977,2645,201559,265776,8573,,,,,,,
,,,,,,,,,,,
Nov-1977,1355,189632,257378,8579,,,,,,,
,,,,,,,,,,,
Dec-1977,2130,196126,263097,8487,,,,,,,
,,,,,,,,,,,
Jan-1978,3048,193438,259150,8360,,,,,,,
,,,,,,,,,,,
Feb-1978,226,161396,234544,8377,,,,,,,
,,,,,,,,,,,
Mar-1978,1855,191064,270324,8720,,,,,,,
,,,,,,,,,,,
Apr-1978,2749,168809,264526,8818,,,,,,,
,,,,,,,,,,,
May-1978,3834,177538,273583,8825,,,,,,,
,,,,,,,,,,,
Jun-1978,5851,194051,264974,8832,,,,,,,
,,,,,,,,,,,
Jul-1978,4276,196202,271442,8756,,,,,,,
,,,,,,,,,,,
Aug-1978,5636,199472,271502,8758,,,,,,,
,,,,,,,,,,,
Sep-1978,7536,211600,264010,8800,,,,,,,
,,,,,,,,,,,
Oct-1978,8418,204449,273420,8820,,,,,,,
,,,,,,,,,,,
Nov-1978,6533,204930,262233,8741,,,,,,,
,,,,,,,,,,,
Dec-1978,7766,216877,268508,8662,,,,,,,
,,,,,,,,,,,
Jan-1979,5484,214681,262716,8475,,,,,,,
,,,,,,,,,,,
Feb-1979,8076,182629,238710,8525,,,,,,,
,,,,,,,,,,,
Mar-1979,11458,197601,266635,8601,,,,,,,
,,,,,,,,,,,
Apr-1979,7790,186339,256593,8553,,,,,,,
,,,,,,,,,,,
May-1979,5314,194079,266631,8601,,,,,,,
,,,,,,,,,,,
Jun-1979,7038,199418,252949,8432,,,,,,,
,,,,,,,,,,,
Jul-1979,7579,204675,259278,8364,,,,,,,
,,,,,,,,,,,
Aug-1979,7592,211072,264981,8548,,,,,,,
,,,,,,,,,,,
Sep-1979,5241,192766,255693,8523,,,,,,,
,,,,,,,,,,,
Oct-1979,5537,213583,267256,8621,,,,,,,
,,,,,,,,,,,
Nov-1979,7925,186837,262818,8761,,,,,,,
,,,,,,,,,,,
Dec-1979,6673,195861,267050,8615,,,,,,,
,,,,,,,,,,,
Jan-1980,9975,198581,268940,8675,,,,,,,
,,,,,,,,,,,
Feb-1980,9614,174389,252431,8705,,,,,,,
,,,,,,,,,,,
Mar-1980,10218,176558,269650,8698,,,,,,,
,,,,,,,,,,,
Apr-1980,5770,167930,260541,8685,,,,,,,
,,,,,,,,,,,
May-1980,10097,158299,267684,8635,,,,,,,
,,,,,,,,,,,
Jun-1980,10960,164401,256619,8554,,,,,,,
,,,,,,,,,,,
Jul-1980,7367,150138,264964,8547,,,,,,,
,,,,,,,,,,,
Aug-1980,2412,148886,260841,8414,,,,,,,
,,,,,,,,,,,
Sep-1980,9647,141218,258577,8619,,,,,,,
,,,,,,,,,,,
Oct-1980,9586,147809,264489,8532,,,,,,,
,,,,,,,,,,,
Nov-1980,8669,140405,254852,8495,,,,,,,
,,,,,,,,,,,
Dec-1980,10620,157548,266777,8606,,,,,,,
,,,,,,,,,,,
Jan-1981,10496,152907,264736,8540,,,,,119156,,1322
,,,,,,,,,,,
Feb-1981,5543,136450,240914,8604,,,,,125167,,1527
,,,,,,,,,,,
Mar-1981,6519,140160,267003,8613,,,,,128448,,1778
,,,,,,,,,,,
Apr-1981,5931,130147,256708,8557,,,,,133206,,1761
,,,,,,,,,,,
May-1981,9679,132885,263541,8501,,,,,130613,,1833
,,,,,,,,,,,
Jun-1981,3698,121818,258859,8629,,,,,123635,,1761
,,,,,,,,,,,
Jul-1981,7976,133162,263498,8500,,,,,123481,,1814
,,,,,,,,,,,
Aug-1981,6320,129557,266069,8583,,,,,108084,,1817
,,,,,,,,,,,
Sep-1981,5813,142213,258120,8604,,,,,109128,,1828
,,,,,,,,,,,
Oct-1981,6996,135791,265450,8563,,,,,109939,,1928
,,,,,,,,,,,
Nov-1981,8338,121378,257579,8586,,,,,110048,,1925
,,,,,,,,,,,
Dec-1981,5857,128238,266147,8585,,,,,106879,,1952
,,,,,,,,,,,
Jan-1982,7383,114479,263793,8509,,,,,109703,,1947
,,,,,,,,,,,
Feb-1982,8521,83708,243661,8702,,,,,111254,,1786
,,,,,,,,,,,
Mar-1982,9950,89104,268687,8667,,,,,108283,,1949
,,,,,,,,,,,
Apr-1982,5234,85467,257738,8591,,,,,106765,,1953
,,,,,,,,,,,
May-1982,8111,102577,269186,8683,,,,,101691,,1936
,,,,,,,,,,,
Jun-1982,2819,115093,259383,8646,,,,,100990,,1813
,,,,,,,,,,,
Jul-1982,7105,131677,268398,8658,,,,,101363,,1863
,,,,,,,,,,,
Aug-1982,9419,119393,267643,8634,,,,,108549,,1768
,,,,,,,,,,,
Sep-1982,5524,109079,261028,8701,,,,,101720,,1687
,,,,,,,,,,,
Oct-1982,8384,113766,269745,8701,,,,,104183,,1583
,,,,,,,,,,,
Nov-1982,7859,115865,260918,8697,,,,,108160,,1513
,,,,,,,,,,,
Dec-1982,5970,93005,266535,8598,,,,,99645,,1621
,,,,,,,,,,,
Jan-1983,3625,91892,269604,8697,,,,,102873,,2192
,,,,,,,,,,,
Feb-1983,7338,63479,245237,8758,,,,,102509,,1974
,,,,,,,,,,,
Mar-1983,5379,70987,269706,8700,,,,,100086,,2156
,,,,,,,,,,,
Apr-1983,2630,93551,263269,8776,,,,,109155,,2037
,,,,,,,,,,,
May-1983,8688,104153,267575,8631,,,,,107619,,1956
,,,,,,,,,,,
Jun-1983,4306,107310,260014,8667,,,,,104660,,1924
,,,,,,,,,,,
Jul-1983,4494,119999,267717,8636,,,,,101896,,2015
,,,,,,,,,,,
Aug-1983,5333,131023,269053,8679,,,,,105097,,1995
,,,,,,,,,,,
Sep-1983,5315,126309,263530,8784,,,,,99897,,1991
,,,,,,,,,,,
Oct-1983,4336,106820,271890,8771,,,,,100760,,1967
,,,,,,,,,,,
Nov-1983,5567,100103,263111,8770,,,,,98467,,1929
,,,,,,,,,,,
Dec-1983,2937,99600,260293,8397,,,,,103250,,2063
,,,,,,,,,,,
Jan-1984,4739,94701,274902,8868,,,,,106380,,1989
,,,,,,,,,,,
Feb-1984,5355,85557,257357,8874,,,,,98188,,1884
,,,,,,,,,,,
Mar-1984,7304,107557,268829,8672,,,,,100649,,1918
,,,,,,,,,,,
Apr-1984,5147,102524,265872,8862,,,,,101290,,1926
,,,,,,,,,,,
May-1984,6782,122210,277616,8955,,,,,108101,,1909
,,,,,,,,,,,
Jun-1984,6665,106392,265570,8852,,,,,108332,,1842
,,,,,,,,,,,
Jul-1984,3341,113038,275432,8885,,,,,109119,,1863
,,,,,,,,,,,
Aug-1984,5886,100693,273091,8809,,,,,96755,,1960
,,,,,,,,,,,
Sep-1984,4846,100268,269798,8993,,,,,94802,,1993
,,,,,,,,,,,
Oct-1984,4371,116286,276075,8906,,,,,97723,,2133
,,,,,,,,,,,
Nov-1984,6061,107499,269357,8979,,,,,98189,,1866
,,,,,,,,,,,
Dec-1984,5737,97225,275797,8897,,,,,97304,,1992
,,,,,,,,,,,
Jan-1985,4478,84217,270926,8740,,,,,100501,11583,1960
,,,,,,,,,,,
Feb-1985,6181,59015,252695,9025,,,,,87324,11485,1751
,,,,,,,,,,,
Mar-1985,5858,86364,281943,9095,,,,,94749,11484,2125
,,,,,,,,,,,
Apr-1985,7069,102045,271299,9043,,,,,100243,11969,1997
,,,,,,,,,,,
May-1985,7747,115637,283093,9132,,,,,105139,12269,2003
,,,,,,,,,,,
Jun-1985,6766,95645,270653,9022,,,,,101871,12422,1684
,,,,,,,,,,,
Jul-1985,4772,99286,277410,8949,,,,,97473,12663,1717
,,,,,,,,,,,
Aug-1985,7479,96547,272881,8803,,,,,95009,12222,1719
,,,,,,,,,,,
Sep-1985,5645,94646,268610,8954,,,,,94346,12096,1641
,,,,,,,,,,,
Oct-1985,3820,100377,278068,8970,,,,,87079,12363,1719
,,,,,,,,,,,
Nov-1985,8593,119957,267059,8902,,,,,93994,12629,1784
,,,,,,,,,,,
Dec-1985,6105,114561,279916,9030,,,,,90192,12744,1964
,,,,,,,,,,,
Jan-1986,4918,107627,283248,9137,,,,22.93,93009,12583,1761
,,,,,,,,,,,
Feb-1986,4523,83100,256855,9173,,,,15.46,90281,12068,1573
,,,,,,,,,,,
Mar-1986,6577,92641,279413,9013,,,,12.61,95409,11759,1612
,,,,,,,,,,,
Apr-1986,2829,110520,265917,8864,,,,12.84,95748,12603,1538
,,,,,,,,,,,
May-1986,3049,131757,273964,8838,,,,15.38,98939,13314,1525
,,,,,,,,,,,
Jun-1986,7206,139053,258700,8623,,,,13.43,97718,13347,1550
,,,,,,,,,,,
Jul-1986,2021,146509,268448,8660,,,,11.59,102678,13009,1595
,,,,,,,,,,,
Aug-1986,7222,150637,259580,8374,,,,15.1,99129,13392,1491
,,,,,,,,,,,
Sep-1986,4829,150923,249843,8328,,,,14.87,103323,13191,1350
,,,,,,,,,,,
Oct-1986,4673,136983,260984,8419,,,,14.9,103461,12753,1277
,,,,,,,,,,,
Nov-1986,3441,138444,252374,8412,,,,15.22,95217,12928,1220
,,,,,,,,,,,
Dec-1986,4917,136784,258926,8352,,,,16.11,92954,12914,1314
,,,,,,,,,,,
Jan-1987,2595,135943,262888,8480,,,,18.65,95077,12725,1258
,,,,,,,,,,,
Feb-1987,7940,108260,234880,8389,,,,17.75,94262,12417,1145
,,,,,,,,,,,
Mar-1987,4645,117160,262398,8464,,,,18.3,101302,12237,1202
,,,,,,,,,,,
Apr-1987,7409,123964,254945,8498,,,,18.68,103027,12637,1229
,,,,,,,,,,,
May-1987,2125,134549,258426,8336,,,,19.44,100773,12848,1310
,,,,,,,,,,,
Jun-1987,3468,144197,248356,8279,,,,20.07,101755,13306,1087
,,,,,,,,,,,
Jul-1987,4616,164131,255782,8251,,,,21.34,103457,13612,981
,,,,,,,,,,,
Aug-1987,4380,170802,254508,8210,,626,,20.31,105394,13527,954
,,,,,,,,,,,
Sep-1987,3478,153312,246163,8205,,713,,19.53,105794,13328,832
,,,,,,,,,,,
Oct-1987,2592,159390,259272,8364,,727,,19.86,105521,12896,777
,,,,,,,,,,,
Nov-1987,4907,150389,251915,8397,,746,,18.85,105296,13074,758
,,,,,,,,,,,
Dec-1987,6809,143825,257844,8318,,746,,17.28,95851,13383,964
,,,,,,,,,,,
Jan-1988,6399,144515,255743,8250,,663,,17.13,98805,13175,1383
,,,,,,,,,,,
Feb-1988,4226,134863,242848,8374,,575,,16.8,97616,12889,1504
,,,,,,,,,,,
Mar-1988,6598,150912,259587,8374,,582,,16.2,101042,13241,1609
,,,,,,,,,,,
Apr-1988,3433,155012,248629,8288,,567,,17.86,107276,13346,1259
,,,,,,,,,,,
May-1988,4285,165510,255089,8229,,562,,17.42,105691,13638,1042
,,,,,,,,,,,
Jun-1988,4128,159667,245102,8170,,554,,16.53,107954,13710,967
,,,,,,,,,,,
Jul-1988,5765,158100,249229,8040,,568,,15.5,103275,13804,890
,,,,,,,,,,,
Aug-1988,4715,157766,250459,8079,,565,,15.52,101807,13953,917
,,,,,,,,,,,
Sep-1988,3573,156355,236847,7895,,512,,14.54,102094,13356,1121
,,,,,,,,,,,
Oct-1988,5157,172080,248704,8023,,518,,13.77,103149,13304,1308
,,,,,,,,,,,
Nov-1988,4429,152093,240700,8023,,490,,14.14,96092,13354,1319
,,,,,,,,,,,
Dec-1988,4006,162132,246189,7942,,507,,16.38,92129,13554,1378
,,,,,,,,,,,
Jan-1989,4234,175497,246056,7937,,455,,18.02,97056,13502,1463
,,,,,,,,,,,
Feb-1989,5838,148539,218076,7788,,392,,17.94,100064,12974,1344
,,,,,,,,,,,
Mar-1989,4846,156100,234822,7575,,407,,19.48,100856,13131,1380
,,,,,,,,,,,
Apr-1989,4184,172496,233147,7772,,427,,21.07,106668,13123,689
,,,,,,,,,,,
May-1989,4051,177604,242303,7816,,431,,20.12,104770,13566,577
,,,,,,,,,,,
Jun-1989,7300,179269,228731,7624,,423,,20.05,99200,14067,614
,,,,,,,,,,,
Jul-1989,2144,192628,230766,7444,,432,,19.78,101924,13957,575
,,,,,,,,,,,
Aug-1989,5007,203517,233878,7544,,437,,18.58,104758,14024,524
,,,,,,,,,,,
Sep-1989,961,180834,226436,7548,,460,,19.59,97697,13898,548
,,,,,,,,,,,
Oct-1989,1882,191783,231036,7453,,493,,20.1,98753,13533,641
,,,,,,,,,,,
Nov-1989,3591,185133,226082,7536,,532,,19.86,101485,13549,744
,,,,,,,,,,,
Dec-1989,7645,169361,227439,7337,,541,,21.1,99711,13244,1021
,,,,,,,,,,,
Jan-1990,4084,192572,233931,7546,,514,,22.86,105370,13668,1241
,,,,,,,,,,,
Feb-1990,2843,165046,209923,7497,,492,,22.11,98047,13695,1000
,,,,,,,,,,,
Mar-1990,4104,189625,230434,7433,,478,,20.39,110567,13080,755
,,,,,,,,,,,
Apr-1990,3338,174393,222215,7407,,484,,18.43,105908,13250,714
,,,,,,,,,,,
May-1990,3474,200067,227179,7328,,493,,18.2,111473,13576,937
,,,,,,,,,,,
Jun-1990,2639,192704,213175,7106,,498,,16.7,111503,13893,868
,,,,,,,,,,,
Jul-1990,2762,212514,222371,7173,,497,,18.45,109670,14414,966
,,,,,,,,,,,
Aug-1990,1990,200000,225886,7287,,506,,27.31,105882,14234,557
,,,,,,,,,,,
Sep-1990,2050,169907,216715,7224,,566,,33.51,102107,14298,412
,,,,,,,,,,,
Oct-1990,3233,159080,233799,7542,,588,,36.04,102146,13076,459
,,,,,,,,,,,
Nov-1990,4124,152549,221598,7387,,615,,32.33,100526,13187,404
,,,,,,,,,,,
Dec-1990,5013,142930,227463,7338,,643,,27.28,94496,12961,460
,,,,,,,,,,,
Jan-1991,1565,164167,232498,7500,,633,,25.23,93010,12931,707
,,,,,,,,,,,
Feb-1991,4267,153588,213836,7637,,564,,20.48,95317,13224,470
,,,,,,,,,,,
Mar-1991,4233,160149,233926,7546,,520,,19.9,100975,13051,573
,,,,,,,,,,,
Apr-1991,4857,165877,225256,7509,,469,,20.83,101380,13283,623
,,,,,,,,,,,
May-1991,5114,197257,229670,7409,,430,,21.23,111484,13748,460
,,,,,,,,,,,
Jun-1991,2352,190019,219610,7320,,483,,20.19,106599,14128,471
,,,,,,,,,,,
Jul-1991,4302,184597,227756,7347,,472,,21.4,105095,13941,468
,,,,,,,,,,,
Aug-1991,1700,205988,226801,7316,,451,,21.69,102769,14005,402
,,,,,,,,,,,
Sep-1991,3273,174347,221029,7368,,433,,21.89,97165,13883,481
,,,,,,,,,,,
Oct-1991,2839,176182,230557,7437,,433,,23.23,101185,13118,683
,,,,,,,,,,,
Nov-1991,3773,165853,219833,7328,,457,,22.46,98846,13156,671
,,,,,,,,,,,
Dec-1991,4109,172508,226267,7299,,469,,19.5,91203,13614,706
,,,,,,,,,,,
Jan-1992,3653,184640,228178,7361,,400,,18.79,98335,13097,795
,,,,,,,,,,,
Feb-1992,647,147293,214269,7389,,378,,19.01,99666,12742,499
,,,,,,,,,,,
Mar-1992,3263,164957,227798,7348,,381,,18.92,100343,13292,551
,,,,,,,,,,,
Apr-1992,693,183798,218775,7293,,370,,20.23,101634,13356,318
,,,,,,,,,,,
May-1992,3272,187873,222227,7169,,358,,20.98,100632,13850,308
,,,,,,,,,,,
Jun-1992,3213,185143,215019,7167,,343,,22.39,95581,14285,363
,,,,,,,,,,,
Jul-1992,1651,210673,221064,7131,,349,,21.78,101348,14176,285
,,,,,,,,,,,
Aug-1992,4108,200165,214575,6922,,334,,21.34,99646,13649,263
,,,,,,,,,,,
Sep-1992,2028,186539,210904,7030,,345,,21.88,96867,13886,341
,,,,,,,,,,,
Oct-1992,3292,207565,220898,7126,,392,,21.69,97393,13651,318
,,,,,,,,,,,
Nov-1992,3325,183635,210724,7024,,418,,20.34,95641,13795,312
,,,,,,,,,,,
Dec-1992,3329,184060,220200,7103,,397,,19.41,87748,13400,365
,,,,,,,,,,,
Jan-1993,3984,195059,215791,6961,48716,335,,19.03,99879,13123,298
,,,,,,,,,,,
Feb-1993,4646,172358,194393,6943,41429,311,,20.09,97874,13097,290
,,,,,,,,,,,
Mar-1993,4301,201113,216198,6974,41805,315,,20.32,98190,13507,354
,,,,,,,,,,,
Apr-1993,2189,207851,206439,6881,45460,320,,20.25,102928,13819,269
,,,,,,,,,,,
May-1993,3479,211074,212255,6847,42199,323,,19.95,104773,14062,325
,,,,,,,,,,,
Jun-1993,4493,216035,203842,6795,42390,350,,19.09,106378,14415,234
,,,,,,,,,,,
Jul-1993,1936,225954,207339,6688,36289,368,,17.89,100646,14458,278
,,,,,,,,,,,
Aug-1993,1712,205858,209492,6758,32120,397,,18.01,94911,14040,237
,,,,,,,,,,,
Sep-1993,3204,197433,201347,6712,35422,418,,17.5,92607,14045,241
,,,,,,,,,,,
Oct-1993,1929,222624,212003,6839,30034,441,,18.15,96993,13902,308
,,,,,,,,,,,
Nov-1993,2016,209905,207349,6912,34547,453,,16.61,97983,13928,314
,,,,,,,,,,,
Dec-1993,1944,211966,212585,6858,37342,425,,14.52,93261,13768,499
,,,,,,,,,,,
Jan-1994,3401,184295,211320,6817,36419,356,,15.03,96577,13526,307
,,,,,,,,,,,
Feb-1994,3244,176774,189569,6770,28656,337,,14.78,98716,13336,336
,,,,,,,,,,,
Mar-1994,1256,197531,209114,6746,32702,323,,14.68,103724,13158,311
,,,,,,,,,,,
Apr-1994,3585,208661,198363,6612,42843,314,,16.42,102685,14009,274
,,,,,,,,,,,
May-1994,3647,223135,207334,6688,43229,320,,17.89,101088,14467,289
,,,,,,,,,,,
Jun-1994,3218,220729,198318,6611,38324,331,,19.06,100774,14519,217
,,,,,,,,,,,
Jul-1994,2607,243574,201527,6501,40595,341,,19.66,103984,14480,252
,,,,,,,,,,,
Aug-1994,2232,232117,202869,6544,39402,320,,18.38,100596,14618,204
,,,,,,,,,,,
Sep-1994,1833,236041,198264,6609,40934,325,,17.45,98110,14360,261
,,,,,,,,,,,
Oct-1994,4285,221230,206398,6658,46500,342,,17.72,95681,13660,234
,,,,,,,,,,,
Nov-1994,3048,211012,198850,6628,40715,361,,18.07,100930,14101,224
,,,,,,,,,,,
Dec-1994,3664,222973,209550,6760,43037,354,,17.16,97929,14107,312
,,,,,,,,,,,
Jan-1995,3493,201657,207148,6682,38781,325,,18.04,102167,13830,230
,,,,,,,,,,,
Feb-1995,2653,183282,190245,6794,31763,326,,18.57,101749,13567,229
,,,,,,,,,,,
Mar-1995,2099,229132,204613,6600,43706,322,,18.54,101302,13383,223
,,,,,,,,,,,
Apr-1995,4662,211126,198111,6604,39628,328,,19.9,107365,13974,208
,,,,,,,,,,,
May-1995,2256,227067,205509,6629,38335,325,,19.74,101758,14457,207
,,,,,,,,,,,
Jun-1995,3028,237810,197359,6579,36632,301,,18.45,98065,14714,153
,,,,,,,,,,,
Jul-1995,3184,225215,199912,6449,36127,301,,17.33,98406,14461,223
,,,,,,,,,,,
Aug-1995,1905,230537,199846,6447,38584,327,,18.02,104607,14473,183
,,,,,,,,,,,
Sep-1995,2234,240210,192484,6416,40718,333,,18.23,98306,14592,183
,,,,,,,,,,,
Oct-1995,1543,219316,199055,6421,36623,332,,17.43,97953,13748,252
,,,,,,,,,,,
Nov-1995,3530,219061,197559,6585,39770,330,,17.99,100885,14002,220
,,,,,,,,,,,
Dec-1995,3922,214397,202428,6530,39159,325,,19.03,85731,14196,195
,,,,,,,,,,,
Jan-1996,2752,226397,201354,6495,41356,295,,18.86,92442,13894,336
,,,,,,,,,,,
Feb-1996,2674,191754,190727,6577,30526,283,,19.09,90758,13679,244
,,,,,,,,,,,
Mar-1996,2918,223671,203715,6571,40863,286,,21.33,92993,13941,204
,,,,,,,,,,,
Apr-1996,4448,221116,193317,6444,35992,286,,23.5,98701,14432,186
,,,,,,,,,,,
May-1996,1138,248909,198208,6394,43821,288,,21.17,95315,14538,214
,,,,,,,,,,,
Jun-1996,3889,238747,193746,6458,31039,298,,20.42,103729,14681,183
,,,,,,,,,,,
Jul-1996,4314,241797,196471,6338,42510,290,,21.3,102546,14478,159
,,,,,,,,,,,
Aug-1996,1378,249286,197162,6360,41333,297,,21.9,106264,14538,173
,,,,,,,,,,,
Sep-1996,4410,220599,194456,6482,37657,301,,23.97,96195,14637,183
,,,,,,,,,,,
Oct-1996,4144,238717,200907,6481,37465,328,,24.88,95389,14442,153
,,,,,,,,,,,
Nov-1996,5161,220314,194268,6476,36029,363,,23.71,92068,14379,150
,,,,,,,,,,,
Dec-1996,2985,226532,201685,6506,38305,361,,25.23,83917,14391,182
,,,,,,,,,,,
Jan-1997,4382,232255,198466,6402,38850,342,,25.13,96987,13771,140
,,,,,,,,,,,
Feb-1997,6414,208159,182400,6514,34995,356,,22.18,95016,13601,154
,,,,,,,,,,,
Mar-1997,4230,240380,200013,6452,35866,377,,20.97,97777,14156,146
,,,,,,,,,,,
Apr-1997,2772,239601,193239,6441,42247,373,,19.7,99712,14465,90
,,,,,,,,,,,
May-1997,800,268234,200702,6474,41321,379,,20.82,103826,15232,131
,,,,,,,,,,,
Jun-1997,1708,262763,193252,6442,35220,396,,19.26,100863,15300,65
,,,,,,,,,,,
Jul-1997,2166,253506,198691,6409,36843,382,,19.66,98530,15190,69
,,,,,,,,,,,
Aug-1997,3419,267244,196769,6347,47006,409,,19.95,93208,15465,1
,,,,,,,,,,,
Sep-1997,3665,265199,194575,6486,45333,392,,19.8,98028,15533,1
,,,,,,,,,,,
Oct-1997,4717,276743,200482,6467,39746,390,,21.33,99540,15127,0
,,,,,,,,,,,
Nov-1997,975,250987,193778,6459,37703,354,,20.19,101970,14939,0
,,,,,,,,,,,
Dec-1997,4060,237228,202464,6531,36963,361,,18.33,90663,15188,0
,,,,,,,,,,,
Jan-1998,7146,258506,202756,6541,44568,380,,16.72,97791,14661,0
,,,,,,,,,,,
Feb-1998,5514,225255,181321,6476,38083,380,,16.06,100457,14262,0
,,,,,,,,,,,
Mar-1998,3073,251835,198639,6408,43585,327,,15.12,104200,14901,0
,,,,,,,,,,,
Apr-1998,4888,269552,194483,6483,40449,291,,15.35,107158,15301,0
,,,,,,,,,,,
May-1998,4451,278595,196754,6347,39663,272,,14.91,108207,15464,0
,,,,,,,,,,,
Jun-1998,1877,263842,188018,6267,46978,267,,13.72,106937,15671,0
,,,,,,,,,,,
Jul-1998,3222,294715,192026,6194,48814,264,,14.17,109684,15705,0
,,,,,,,,,,,
Aug-1998,1585,284481,192282,6203,45499,226,,13.47,103298,15806,0
,,,,,,,,,,,
Sep-1998,1035,255012,173676,5789,45950,215,,15.03,99572,15040,0
,,,,,,,,,,,
Oct-1998,2704,268678,190420,6143,38069,214,,14.46,105095,14222,0
,,,,,,,,,,,
Nov-1998,1814,268204,184198,6140,39682,190,,13,100411,15095,0
,,,,,,,,,,,
Dec-1998,2793,258909,187347,6043,41112,155,,11.35,99108,15169,0
,,,,,,,,,,,
Jan-1999,3332,260189,184864,5963,43705,125,,12.52,105624,14694,0
,,,,,,,,,,,
Feb-1999,3342,237109,167034,5966,39682,117,,12.01,107750,14623,0
,,,,,,,,,,,
Mar-1999,2960,270921,182362,5883,49092,114,,14.68,108567,14783,0
,,,,,,,,,,,
Apr-1999,9962,277686,176616,5887,42516,125,,17.31,107334,15386,0
,,,,,,,,,,,
May-1999,2742,282050,182122,5875,43571,136,,17.72,115090,15282,0
,,,,,,,,,,,
Jun-1999,3679,266645,172808,5760,43141,124,,17.92,106727,15210,0
,,,,,,,,,,,
Jul-1999,3717,291123,179738,5798,40165,108,,20.1,110321,15454,0
,,,,,,,,,,,
Aug-1999,4102,276154,179187,5780,42556,111,,21.28,104502,15559,0
,,,,,,,,,,,
Sep-1999,811,255799,174113,5804,39913,130,,23.8,100804,15353,0
,,,,,,,,,,,
Oct-1999,1749,266999,184361,5947,38782,137,,22.69,100063,14860,0
,,,,,,,,,,,
Nov-1999,2505,246722,178811,5960,40031,145,,25,99431,15026,0
,,,,,,,,,,,
Dec-1999,4131,255266,184716,5959,43118,161,,26.1,93024,14706,0
,,,,,,,,,,,
Jan-2000,5450,242698,179316,5784,45960,143,,27.26,97824,14156,0
,,,,,,,,,,,
Feb-2000,871,241236,169703,5852,36672,147,,29.37,101767,14260,0
,,,,,,,,,,,
Mar-2000,4449,272503,183464,5918,46182,173,,29.84,102119,14806,0
,,,,,,,,,,,
Apr-2000,3706,280228,175625,5854,43564,196,,25.72,105340,15281,0
,,,,,,,,,,,
May-2000,1062,281621,181242,5847,46822,199,,28.79,103648,15625,0
,,,,,,,,,,,
Jun-2000,282,286000,174686,5823,43071,201,,31.82,101323,15867,0
,,,,,,,,,,,
Jul-2000,466,291346,177920,5739,46073,208,,29.7,101429,15975,0
,,,,,,,,,,,
Aug-2000,536,308103,179451,5789,49184,206,,31.26,103079,15856,0
,,,,,,,,,,,
Sep-2000,688,284528,172731,5758,49360,199,,33.88,99565,15582,0
,,,,,,,,,,,
Oct-2000,273,278052,180080,5809,45322,212,,33.11,95302,15267,0
,,,,,,,,,,,
Nov-2000,71,267387,174980,5833,47019,234,,34.42,100576,15325,0
,,,,,,,,,,,
Dec-2000,498,286114,181508,5855,58340,242,,28.44,97702,15546,0
,,,,,,,,,,,
Jan-2001,545,276911,179767,5799,50508,239,,29.59,101270,14940,0
,,,,,,,,,,,
Feb-2001,674,241046,161843,5780,48560,237,,29.61,96600,15000,0
,,,,,,,,,,,
Mar-2001,1147,297683,182290,5880,53621,248,,27.25,103407,14857,0
,,,,,,,,,,,
Apr-2001,145,303320,175879,5863,48793,247,,27.49,109386,15768,0
,,,,,,,,,,,
May-2001,1981,306450,180712,5829,53451,235,,28.63,105328,16018,0
,,,,,,,,,,,
Jun-2001,452,273160,172974,5766,50817,219,,27.6,102734,15897,0
,,,,,,,,,,,
Jul-2001,334,296127,178208,5749,52168,219,,26.43,104073,15638,0
,,,,,,,,,,,
Aug-2001,874,290870,177488,5725,56591,219,,27.37,103763,15543,0
,,,,,,,,,,,
Sep-2001,238,280182,171270,5709,43181,220,,26.2,102146,15230,0
,,,,,,,,,,,
Oct-2001,351,285531,178129,5746,42890,198,,22.17,103905,15196,0
,,,,,,,,,,,
Nov-2001,265,279594,176441,5881,45421,174,,19.64,102057,15231,0
,,,,,,,,,,,
Dec-2001,380,274020,182511,5887,42074,147,,19.39,102630,14899,0
,,,,,,,,,,,
Jan-2002,339,269965,182076,5873,44332,141,,19.72,94497,14693,0
,,,,,,,,,,,
Feb-2002,124,245094,164666,5881,40473,144,,20.72,106419,14510,0
,,,,,,,,,,,
Mar-2002,254,272781,182460,5886,47291,144,,24.53,108477,14724,0
,,,,,,,,,,,
Apr-2002,228,279024,175333,5844,46148,136,,26.18,108983,15586,0
,,,,,,,,,,,
May-2002,224,289026,183057,5905,47105,134,,27.04,112638,15329,0
,,,,,,,,,,,
Jun-2002,161,279718,176532,5884,46945,138,,25.52,104101,15610,0
,,,,,,,,,,,
Jul-2002,1016,284708,178275,5751,41974,133,,26.97,105667,15666,0
,,,,,,,,,,,
Aug-2002,267,295874,179670,5796,43737,125,,28.39,103468,15572,0
,,,,,,,,,,,
Sep-2002,218,263909,162336,5411,45371,122,,29.66,92279,15149,0
,,,,,,,,,,,
Oct-2002,122,295480,166105,5358,50635,140,,28.84,100278,14614,0
,,,,,,,,,,,
Nov-2002,290,289623,168706,5624,44229,146,,26.35,93394,15463,0
,,,,,,,,,,,
Dec-2002,52,270973,177372,5722,56260,137,,29.46,91070,15218,0
,,,,,,,,,,,
Jan-2003,318,267623,178412,5755,55896,132,,32.95,98119,14611,0
,,,,,,,,,,,
Feb-2003,140,237278,161920,5783,39397,153,,35.83,100276,14640,0
,,,,,,,,,,,
Mar-2003,297,285994,179907,5803,56978,171,,33.51,102018,15159,0
,,,,,,,,,,,
Apr-2003,360,297835,171774,5726,60710,185,,28.17,106882,15754,0
,,,,,,,,,,,
May-2003,452,314748,175568,5663,69549,167,,28.11,102847,16038,0
,,,,,,,,,,,
Jun-2003,1363,301151,169772,5659,57619,152,,30.66,104328,15851,0
,,,,,,,,,,,
Jul-2003,214,311061,170452,5498,56897,153,,30.76,101151,15745,0
,,,,,,,,,,,
Aug-2003,114,310705,172787,5574,45723,153,,31.57,100886,15911,0
,,,,,,,,,,,
Sep-2003,99,308615,168270,5609,50745,154,,28.31,100109,15590,0
,,,,,,,,,,,
Oct-2003,433,311950,174020,5614,43033,158,,30.34,103786,15480,0
,,,,,,,,,,,
Nov-2003,638,280530,166397,5547,49915,158,,31.11,96953,15679,0
,,,,,,,,,,,
Dec-2003,109,300206,172715,5571,43358,153,,32.13,92051,15577,0
,,,,,,,,,,,
Jan-2004,191,289762,173132,5585,44379,143,,34.31,96168,15092,0
,,,,,,,,,,,
Feb-2004,223,270188,161583,5572,37569,153,,34.69,95699,15056,0
,,,,,,,,,,,
Mar-2004,599,312739,174115,5617,45803,164,,36.74,103340,15027,0
,,,,,,,,,,,
Apr-2004,1640,303443,166810,5560,34869,154,,36.75,101813,15702,0
,,,,,,,,,,,
May-2004,809,324012,172235,5556,46271,156,,40.28,104376,16234,0
,,,,,,,,,,,
Jun-2004,1349,315989,162208,5407,43663,164,,38.03,98040,16552,0
,,,,,,,,,,,
Jul-2004,549,319253,170011,5484,50294,170,,40.78,98002,16436,0
,,,,,,,,,,,
Aug-2004,409,324258,165072,5325,54393,170,,44.9,96524,16494,0
,,,,,,,,,,,
Sep-2004,1040,290923,152444,5081,47010,166,,45.94,93874,15302,0
,,,,,,,,,,,
Oct-2004,786,321222,160270,5170,49011,171,,53.28,98387,15314,0
,,,,,,,,,,,
Nov-2004,1253,307154,162699,5423,48943,183,,48.47,94607,16023,0
,,,,,,,,,,,
Dec-2004,933,313120,170815,5510,44920,180,,43.15,93172,16135,0
,,,,,,,,,,,
Jan-2005,1239,309901,168831,5446,49650,178,949984,46.84,92117,15632,0
,,,,,,,,,,,
Feb-2005,541,286124,154038,5501,42700,192,968023,48.15,98376,15511,0
,,,,,,,,,,,
Mar-2005,1111,317497,173626,5601,48844,186,991656,54.19,101660,15541,0
,,,,,,,,,,,
Apr-2005,1345,306734,166885,5563,43763,171,1013597,52.98,101052,15899,0
,,,,,,,,,,,
May-2005,1694,323400,173491,5596,45632,150,1013967,49.83,105189,16242,0
,,,,,,,,,,,
Jun-2005,640,322953,163263,5442,46982,146,1008280,56.35,104470,16730,0
,,,,,,,,,,,
Jul-2005,1058,321697,162854,5253,46461,170,1001211,59,101570,16237,0
,,,,,,,,,,,
Aug-2005,531,322526,161153,5198,44758,206,994300,64.99,99363,15969,0
,,,,,,,,,,,
Sep-2005,727,274650,126417,4214,38574,210,983986,65.59,101841,14396,0
,,,,,,,,,,,
Oct-2005,530,292751,141200,4555,37337,217,991273,62.26,102219,14007,0
,,,,,,,,,,,
Nov-2005,1445,307852,145708,4857,38000,253,991953,58.32,103112,15378,0
,,,,,,,,,,,
Dec-2005,759,309886,154630,4988,44586,247,992195,59.41,100329,15395,0
,,,,,,,,,,,
Jan-2006,849,302761,156480,5048,41398,242,990662,65.49,97335,15085,0
,,,,,,,,,,,
Feb-2006,415,279530,140894,5032,39702,209,1011152,61.63,101371,15000,0
,,,,,,,,,,,
Mar-2006,903,302241,155842,5027,40980,244,1012471,62.69,99460,14914,0
,,,,,,,,,,,
Apr-2006,794,295774,152450,5082,47467,259,1019145,69.44,104491,15303,0
,,,,,,,,,,,
May-2006,829,319400,159667,5151,45168,261,1012886,70.84,102063,15862,0
,,,,,,,,,,,
Jun-2006,987,321369,154884,5163,42809,285,1008370,70.95,101588,16171,0
,,,,,,,,,,,
Jul-2006,414,317114,157919,5094,39182,298,1003232,74.41,98922,16091,0
,,,,,,,,,,,
Aug-2006,472,327476,156232,5040,45774,316,1004462,73.04,97032,16206,0
,,,,,,,,,,,
Sep-2006,631,321298,150926,5031,46368,305,1004436,63.8,98739,16177,0
,,,,,,,,,,,
Oct-2006,1152,313272,158353,5108,40986,288,1011522,58.89,97725,15293,0
,,,,,,,,,,,
Nov-2006,714,296627,151926,5064,43811,288,1006789,59.08,95948,15311,0
,,,,,,,,,,,
Dec-2006,839,296219,160768,5186,45591,281,984424,61.96,83895,15766,0
,,,,,,,,,,,
Jan-2007,294,316538,158342,5108,47518,270,995938,54.51,94775,15381,0
,,,,,,,,,,,
Feb-2007,703,252238,143301,5118,31949,266,988891,59.28,92545,14773,0
,,,,,,,,,,,
Mar-2007,1047,321781,158697,5119,37682,282,1002143,60.44,100362,15185,0
,,,,,,,,,,,
Apr-2007,573,304815,155407,5180,43726,285,1014183,63.98,99732,15371,0
,,,,,,,,,,,
May-2007,1117,320168,161548,5211,48796,282,1026358,63.46,101179,15651,0
,,,,,,,,,,,
Jun-2007,1565,300437,152254,5075,45031,283,1027223,67.49,101649,15444,0
,,,,,,,,,,,
Jul-2007,822,308120,156175,5038,44453,285,1009750,74.12,100191,15922,0
,,,,,,,,,,,
Aug-2007,1307,319805,154060,4970,45507,306,993907,72.36,95607,15859,0
,,,,,,,,,,,
Sep-2007,1013,309200,147061,4902,43227,302,986844,79.92,101553,15513,0
,,,,,,,,,,,
Oct-2007,337,303317,155680,5022,42467,321,984162,85.8,99742,15249,0
,,,,,,,,,,,
Nov-2007,603,300115,151021,5034,45906,341,977683,94.77,94320,15506,0
,,,,,,,,,,,
Dec-2007,626,304870,158427,5111,51927,338,965334,91.69,89070,15477,0
,,,,,,,,,,,
Jan-2008,364,312536,158566,5115,45836,321,977076,92.97,93858,15087,0
,,,,,,,,,,,
Feb-2008,578,279439,149297,5148,46258,331,983449,95.39,94310,14948,0
,,,,,,,,,,,
Mar-2008,910,298712,160868,5189,47584,343,997590,105.45,98327,14637,0
,,,,,,,,,,,
Apr-2008,419,299373,155403,5180,43585,358,1003707,112.58,99615,15157,0
,,,,,,,,,,,
May-2008,581,299584,159437,5143,48938,375,990403,125.4,96216,15629,0
,,,,,,,,,,,
Jun-2008,659,300528,154133,5138,43450,383,984209,133.88,92656,15768,0
,,,,,,,,,,,
Jul-2008,894,314092,160481,5177,51948,380,985063,133.37,93754,15638,0
,,,,,,,,,,,
Aug-2008,1234,320049,155092,5003,47515,397,992226,116.67,96782,15343,0
,,,,,,,,,,,
Sep-2008,1173,253396,119208,3974,42859,417,988897,104.11,94416,13139,0
,,,,,,,,,,,
Oct-2008,1321,312681,146868,4738,44475,422,996991,76.61,92876,15037,0
,,,,,,,,,,,
Nov-2008,916,298309,152343,5078,44623,426,1005839,57.31,95928,15115,0
,,,,,,,,,,,
Dec-2008,1413,291995,158183,5103,43205,391,1010068,41.12,86598,14787,0
,,,,,,,,,,,
Jan-2009,1122,303136,159467,5144,41447,328,1036940,41.71,96326,14538,0
,,,,,,,,,,,
Feb-2009,833,254061,146698,5239,30750,271,1044826,39.09,99191,14409,0
,,,,,,,,,,,
Mar-2009,943,290728,161776,5219,29259,225,1061228,47.94,101686,14399,0
,,,,,,,,,,,
Apr-2009,799,281218,158344,5278,31698,209,1070957,49.65,97762,14610,0
,,,,,,,,,,,
May-2009,1634,272716,166684,5377,31569,187,1062804,59.03,96963,14838,0
,,,,,,,,,,,
Jun-2009,1698,274054,158079,5269,27054,194,1052755,69.64,95023,15194,0
,,,,,,,,,,,
Jul-2009,971,281911,167336,5398,31820,245,1051308,64.15,94169,14891,0
,,,,,,,,,,,
Aug-2009,1091,273235,167945,5418,21912,279,1041638,71.05,94701,14870,0
,,,,,,,,,,,
Sep-2009,1265,277619,166765,5559,30919,293,1042160,69.41,94883,15017,0
,,,,,,,,,,,
Oct-2009,2241,265536,171258,5524,29073,312,1039490,75.72,93404,14419,0
,,,,,,,,,,,
Nov-2009,1365,262201,161838,5395,25407,362,1044975,77.99,93937,14338,0
,,,,,,,,,,,
Dec-2009,2022,253260,169004,5452,26966,404,1033756,74.47,90944,14374,0
,,,,,,,,,,,
Jan-2010,1008,263249,167529,5404,29707,433,1042716,78.33,93270,14065,0
,,,,,,,,,,,
Feb-2010,1621,245302,155496,5553,24671,446,1048983,76.39,93358,14267,0
,,,,,,,,,,,
Mar-2010,1395,289582,170975,5515,35615,471,1065046,81.2,98708,14630,0
,,,,,,,,,,,
Apr-2010,1095,291766,161770,5392,37339,508,1069234,84.29,97688,15592,0
,,,,,,,,,,,
May-2010,1121,299304,167427,5401,33883,541,1067876,73.74,96706,15510,0
,,,,,,,,,,,
Jun-2010,937,297814,161384,5379,33595,566,1071579,75.34,98060,15893,0
,,,,,,,,,,,
Jul-2010,2140,307894,164232,5298,32034,591,1063603,76.32,96434,16040,0
,,,,,,,,,,,
Aug-2010,1113,295837,168862,5447,33486,644,1065300,76.6,94216,15681,0
,,,,,,,,,,,
Sep-2010,1838,276863,168470,5616,32454,668,1068831,75.24,93467,15213,0
,,,,,,,,,,,
Oct-2010,728,264726,174546,5631,34885,693,1073380,81.89,95956,14466,0
,,,,,,,,,,,
Nov-2010,953,260966,167255,5575,33935,723,1057989,84.25,89527,15166,0
,,,,,,,,,,,
Dec-2010,1249,269553,173812,5607,33363,759,1038627,89.15,88982,15555,0
,,,,,,,,,,,
Jan-2011,2228,284678,170319,5494,34052,793,1050002,89.17,88892,15035,0
,,,,,,,,,,,
Feb-2011,847,229140,151291,5403,31197,801,1053356,88.58,85808,14195,0
,,,,,,,,,,,
Mar-2011,1126,284677,174068,5615,34319,830,1064963,102.86,93978,14963,0
,,,,,,,,,,,
Apr-2011,1227,265167,166728,5558,32682,896,1070955,109.53,93848,14710,0
,,,,,,,,,,,
May-2011,1148,280840,174296,5622,37114,948,1072614,100.9,96011,15129,0
,,,,,,,,,,,
Jun-2011,1066,277050,167619,5587,34910,979,1060230,96.26,95156,15778,0
,,,,,,,,,,,
Jul-2011,2263,287563,168617,5439,40526,1014,1042507,97.3,93695,16001,0
,,,,,,,,,,,
Aug-2011,1047,277006,175576,5664,33313,1055,1021273,86.33,91322,16009,0
,,,,,,,,,,,
Sep-2011,1065,267410,168416,5614,43959,1063,1004196,85.52,88791,15735,0
,,,,,,,,,,,
Oct-2011,1568,276125,182923,5901,34714,1077,1010873,86.32,93400,15050,0
,,,,,,,,,,,
Nov-2011,1928,261729,181022,6034,36089,1125,1010553,97.16,91921,15426,0
,,,,,,,,,,,
Dec-2011,1646,270037,187441,6046,40097,1177,1004172,98.56,90640,15341,0
,,,,,,,,,,,
Jan-2012,2425,264348,191275,6170,44103,1208,1013833,100.27,92155,14865,0
,,,,,,,,,,,
Feb-2012,2127,248296,181703,6266,40813,1261,1018830,102.2,89282,15019,0
,,,,,,,,,,,
Mar-2012,2196,271888,196083,6325,42372,1307,1043559,106.16,96095,14783,0
,,,,,,,,,,,
Apr-2012,1228,259077,189673,6322,47832,1329,1052996,103.32,96746,14952,0
,,,,,,,,,,,
May-2012,2571,278720,197316,6365,47547,1373,1059710,94.66,94087,15657,0
,,,,,,,,,,,
Jun-2012,1381,275790,187992,6266,43683,1409,1058104,82.3,93423,15983,0
,,,,,,,,,,,
Jul-2012,2388,270061,199094,6422,45199,1419,1042627,87.9,94647,15991,0
,,,,,,,,,,,
Aug-2012,1866,268600,196723,6346,37816,1423,1032341,94.13,91331,15679,0
,,,,,,,,,,,
Sep-2012,2038,251431,197777,6593,38744,1409,1038294,94.51,91604,15248,0
,,,,,,,,,,,
Oct-2012,2079,251338,215840,6963,38883,1407,1044483,89.49,93440,15153,0
,,,,,,,,,,,
Nov-2012,2201,245487,212221,7074,39193,1385,1047363,86.53,96684,15416,0
,,,,,,,,,,,
Dec-2012,2191,235719,220007,7097,31924,1358,1033064,87.86,88781,15717,0
,,,,,,,,,,,
Jan-2013,3384,246629,219508,7081,29982,1318,1045099,94.76,93647,14934,0
,,,,,,,,,,,
Feb-2013,3705,204191,200123,7147,28770,1332,1052768,95.31,93557,14542,0
,,,,,,,,,,,
Mar-2013,3310,232398,223307,7203,39796,1339,1060590,92.94,97494,14907,0
,,,,,,,,,,,
Apr-2013,4151,232807,221142,7371,33203,1374,1063524,92.02,96043,15282,0
,,,,,,,,,,,
May-2013,4034,239970,227060,7325,44627,1407,1059273,94.51,96028,15714,0
,,,,,,,,,,,
Jun-2013,3723,231930,218279,7276,42928,1404,1044776,95.77,89729,16313,0
,,,,,,,,,,,
Jul-2013,3217,249788,233225,7523,40870,1396,1035360,104.67,92109,16483,0
,,,,,,,,,,,
Aug-2013,2192,251079,233462,7531,41290,1388,1033096,106.57,97578,16291,0
,,,,,,,,,,,
Sep-2013,3162,237699,235077,7836,46161,1364,1039985,106.29,90764,16157,0
,,,,,,,,,,,
Oct-2013,3679,231822,240477,7757,42171,1364,1048566,100.54,91946,15475,0
,,,,,,,,,,,
Nov-2013,7578,222248,237483,7916,46679,1384,1040141,93.86,89058,16135,0
,,,,,,,,,,,
Dec-2013,6834,240919,245758,7928,47090,1396,1023160,97.63,85114,16377,0
,,,,,,,,,,,
Jan-2014,7698,235269,250238,8072,45311,1403,1032207,94.62,87366,15649,0
,,,,,,,,,,,
Feb-2014,6907,201572,228244,8152,40598,1424,1041243,100.82,87915,15518,0
,,,,,,,,,,,
Mar-2014,7794,225487,257010,8291,44167,1466,1050916,100.8,92714,15390,0
,,,,,,,,,,,
Apr-2014,8448,226639,255655,8522,47364,1515,1058654,102.07,95770,16264,0
,,,,,,,,,,,
May-2014,9567,222177,267962,8644,37942,1530,1056432,102.18,97744,16197,0
,,,,,,,,,,,
Jun-2014,11833,212025,262402,8747,30504,1545,1045277,105.79,94714,16087,0
,,,,,,,,,,,
Jul-2014,13045,236534,274213,8846,38153,1560,1029709,103.59,92979,16880,0
,,,,,,,,,,,
Aug-2014,12136,231649,276342,8914,27705,1578,1022048,96.54,88509,16707,0
,,,,,,,,,,,
Sep-2014,10479,224851,272335,9078,30120,1592,1023124,93.21,92270,16358,0
,,,,,,,,,,,
Oct-2014,11653,221600,286928,9256,25591,1596,1042683,84.4,95244,15660,0
,,,,,,,,,,,
Nov-2014,15619,218845,279495,9317,30421,1573,1047692,75.79,98470,16367,0
,,,,,,,,,,,
Dec-2014,13053,223978,296382,9561,25190,1539,1051824,59.29,95794,16751,0
,,,,,,,,,,,
Jan-2015,15342,222315,290880,9383,24428,1362,1080169,47.22,101200,15767,0
,,,,,,,,,,,
Feb-2015,12380,198807,266196,9507,25513,1050,1106266,50.58,98384,15635,0
,,,,,,,,,,,
Mar-2015,13565,235360,297133,9585,32450,857,1134150,47.82,103658,15878,0
,,,,,,,,,,,
Apr-2015,17969,216229,289651,9655,36137,750,1143660,54.45,101954,16521,0
,,,,,,,,,,,
May-2015,16338,224604,293681,9474,37415,662,1141306,59.27,101462,16612,0
,,,,,,,,,,,
Jun-2015,13355,219618,280622,9354,32287,634,1132701,59.82,102031,16924,0
,,,,,,,,,,,
Jul-2015,16934,228160,292693,9442,36776,649,1119943,50.9,99047,17185,0
,,,,,,,,,,,
Aug-2015,14286,239212,291851,9415,31121,673,1120983,42.87,100691,16962,0
,,,,,,,,,,,
Sep-2015,12314,216838,284344,9478,25831,650,1124257,45.48,102056,16427,0
,,,,,,,,,,,
Oct-2015,15503,220171,291271,9396,30480,597,1150339,46.22,105765,15691,0
,,,,,,,,,,,
Nov-2015,9592,221130,279648,9322,36953,566,1151117,42.44,101434,16683,0
,,,,,,,,,,,
Dec-2015,12162,244965,287168,9263,34680,537,1144339,37.19,100580,16842,0
,,,,,,,,,,,
Jan-2016,15176,236065,285111,9197,32674,510,1166883,31.68,101857,16297,0
,,,,,,,,,,,
Feb-2016,13161,229492,262610,9056,29738,430,1187267,30.32,108660,16179,0
,,,,,,,,,,,
Mar-2016,18471,248383,281760,9089,39204,384,1199923,37.55,101149,16287,0
,,,,,,,,,,,
Apr-2016,18714,228344,266065,8869,34172,348,1204430,40.75,103372,16223,0
,,,,,,,,,,,
May-2016,24414,245749,273504,8823,36270,320,1206965,46.71,105464,16477,0
,,,,,,,,,,,
Jun-2016,15915,226802,259624,8654,32645,330,1195957,48.76,103255,16803,0
,,,,,,,,,,,
Jul-2016,16612,250986,268018,8646,32593,359,1188554,44.65,103724,17000,0
,,,,,,,,,,,
Aug-2016,22331,248482,268963,8676,35407,397,1181768,44.72,100496,16976,0
,,,,,,,,,,,
Sep-2016,23241,241213,256015,8534,36266,416,1166627,45.18,98474,16687,0
,,,,,,,,,,,
Oct-2016,15552,234666,273858,8834,31705,436,1186290,49.78,102239,15783,0
,,,,,,,,,,,
Nov-2016,18170,240691,266924,8897,30005,462,1185818,45.66,101702,16545,0
,,,,,,,,,,,
Dec-2016,14518,242335,272731,8798,31439,507,1179704,51.97,92756,16896,0
,,,,,,,,,,,
Jan-2017,22046,262811,274763,8863,41651,542,1201876,52.5,99207,16462,0
,,,,,,,,,,,
Feb-2017,32092,220558,254875,9103,37476,593,1220244,53.47,101847,15827,0
,,,,,,,,,,,
Mar-2017,28831,253114,284028,9162,36351,634,1230105,49.33,104787,16421,0
,,,,,,,,,,,
Apr-2017,33835,246132,273008,9100,34812,685,1213073,51.06,98947,17276,0
,,,,,,,,,,,
May-2017,34049,263106,284659,9183,34585,714,1201286,48.48,101180,17514,0
,,,,,,,,,,,
Jun-2017,25953,242677,273198,9107,31347,747,1180731,45.18,98921,17527,0
,,,,,,,,,,,
Jul-2017,29642,245369,286287,9235,24634,765,1162294,46.63,99934,17659,0
,,,,,,,,,,,
Aug-2017,25338,245611,286702,9248,22900,764,1138781,48.04,95544,17243,0
,,,,,,,,,,,
Sep-2017,43899,219708,285356,9512,19969,752,1143228,49.82,96733,15788,0
,,,,,,,,,,,
Oct-2017,53327,238109,299250,9653,18041,741,1128682,51.58,97328,16343,0
,,,,,,,,,,,
Nov-2017,46323,230230,302120,10071,23399,738,1114332,56.64,99015,17127,0
,,,,,,,,,,,
Dec-2017,47184,241245,309172,9973,21402,748,1084477,57.88,94752,17562,0
,,,,,,,,,,,
Jan-2018,42221,248552,310548,10018,21997,750,1084994,63.7,97302,16917,0
,,,,,,,,,,,
Feb-2018,48589,209942,287879,10281,17518,788,1089301,62.23,96007,16360,0
,,,,,,,,,,,
Mar-2018,61050,236216,325625,10504,23203,799,1090395,62.73,95106,16945,0
,,,,,,,,,,,
Apr-2018,57581,247608,315308,10510,26572,817,1100544,66.25,101113,17101,0
,,,,,,,,,,,
May-2018,64080,242857,324245,10460,27039,845,1094364,69.98,102120,17341,0
,,,,,,,,,,,
Jun-2018,68366,254623,319472,10649,25062,861,1075167,67.87,99658,18041,0
,,,,,,,,,,,
Jul-2018,71509,246014,337621,10891,27143,861,1069654,70.98,98716,17688,0
,,,,,,,,,,,
Aug-2018,57619,247656,352176,11361,31144,864,1067594,68.06,99063,17969,0
,,,,,,,,,,,
Sep-2018,60453,227795,344930,11498,29431,864,1076693,70.23,99566,17383,0
,,,,,,,,,,,
Oct-2018,69951,227975,360572,11631,32430,870,1088648,70.75,96231,16735,0
,,,,,,,,,,,
Nov-2018,72013,226251,359979,11999,29958,884,1098946,56.96,97534,17500,0
,,,,,,,,,,,
Dec-2018,74109,220002,373164,12038,26102,880,1091640,49.52,92421,17749,0
,,,,,,,,,,,
Jan-2019,79830,233126,367548,11856,22039,866,1097943,51.38,97777,17098,0
,,,,,,,,,,,
Feb-2019,83721,186243,326734,11669,16154,853,1100854,54.95,93078,16106,0
,,,,,,,,,,,
Mar-2019,83196,209541,368644,11892,19837,830,1108448,58.15,94781,16188,0
,,,,,,,,,,,
Apr-2019,85276,210741,363682,12123,17055,824,1117417,63.86,100194,16691,0
,,,,,,,,,,,
May-2019,89908,221900,375507,12113,14015,802,1124976,60.83,102604,17041,0
,,,,,,,,,,,
Jun-2019,94776,214233,361805,12060,16861,790,1108779,54.66,98881,17702,0
,,,,,,,,,,,
Jul-2019,83512,214988,364736,11766,12234,782,1086868,57.35,93875,17698,0
,,,,,,,,,,,
Aug-2019,84550,215273,383317,12365,12929,760,1075634,54.81,92884,17847,0
,,,,,,,,,,,
,,,,,,,,56.95,,,